/*
SQLyog Ultimate v12.08 (64 bit)
MySQL - 5.7.21-log : Database - xs_global2d1
*********************************************************************
*/

/*!40101 SET NAMES utf8 */;

/*!40101 SET SQL_MODE=''*/;

/*!40014 SET @OLD_UNIQUE_CHECKS=@@UNIQUE_CHECKS, UNIQUE_CHECKS=0 */;
/*!40014 SET @OLD_FOREIGN_KEY_CHECKS=@@FOREIGN_KEY_CHECKS, FOREIGN_KEY_CHECKS=0 */;
/*!40101 SET @OLD_SQL_MODE=@@SQL_MODE, SQL_MODE='NO_AUTO_VALUE_ON_ZERO' */;
/*!40111 SET @OLD_SQL_NOTES=@@SQL_NOTES, SQL_NOTES=0 */;
/*Table structure for table `xs_g2d1_accessclass` */

DROP TABLE IF EXISTS `xs_g2d1_accessclass`;

CREATE TABLE `xs_g2d1_accessclass` (
  `id` char(21) CHARACTER SET ascii COLLATE ascii_bin NOT NULL,
  `srvid` char(21) CHARACTER SET ascii COLLATE ascii_bin NOT NULL,
  `csid` char(21) CHARACTER SET ascii COLLATE ascii_bin NOT NULL,
  `state` char(1) CHARACTER SET ascii COLLATE ascii_bin NOT NULL COMMENT '0表示未同步、1表示已经同步',
  `name` varchar(128) COLLATE utf8mb4_bin NOT NULL COMMENT '接口类名',
  `tied` varchar(56) COLLATE utf8mb4_bin DEFAULT NULL COMMENT '绑定名',
  `params` varchar(3000) COLLATE utf8mb4_bin DEFAULT NULL COMMENT '参数',
  `sdetail` varchar(256) COLLATE utf8mb4_bin DEFAULT NULL COMMENT '简洁描述',
  `detail` text COLLATE utf8mb4_bin COMMENT '接口详细描述',
  `remark` varchar(512) COLLATE utf8mb4_bin DEFAULT NULL COMMENT '备注',
  `createtime` datetime NOT NULL,
  `updatetime` datetime NOT NULL,
  `creator` char(21) CHARACTER SET ascii COLLATE ascii_bin NOT NULL,
  `rcode` varchar(128) CHARACTER SET ascii COLLATE ascii_bin NOT NULL,
  PRIMARY KEY (`id`),
  UNIQUE KEY `csid_tied` (`csid`,`tied`),
  KEY `srvid` (`srvid`),
  CONSTRAINT `xs_g2d1_accessclass_ibfk_2` FOREIGN KEY (`csid`) REFERENCES `xs_g2d1_cloudservice` (`id`) ON DELETE CASCADE
) ENGINE=InnoDB DEFAULT CHARSET=utf8mb4 COLLATE=utf8mb4_bin COMMENT='访问接口类';

/*Data for the table `xs_g2d1_accessclass` */

insert  into `xs_g2d1_accessclass`(`id`,`srvid`,`csid`,`state`,`name`,`tied`,`params`,`sdetail`,`detail`,`remark`,`createtime`,`updatetime`,`creator`,`rcode`) values ('01bYjd000VPhf01XGHObO','00It4100002dxWQmliyTe','01bYjd0007RLX01XGHObO','1','服务商的用户管理','/g2.1/ServerUser/','{\"nece\":[],\"unece\":[]}','',NULL,NULL,'2018-12-06 21:31:29','2018-12-10 19:06:50','00It4100001dxWQmliyTe','0001'),('01bYjd000YTp601XGHObO','00It4100002dxWQmliyTe','01bYjd0007RLX01XGHObO','1','权限方法管理','/g2.1/AccessFun/','{\"nece\":[],\"unece\":[]}','',NULL,NULL,'2018-12-06 21:31:29','2018-12-10 19:06:50','00It4100001dxWQmliyTe','0001'),('01bYjd000awj101XGHObO','00It4100002dxWQmliyTe','01bYjd0007RLX01XGHObO','1','oauth2登录接口','/g2.1/OauthApi/','{\"nece\":[],\"unece\":[]}','',NULL,NULL,'2018-12-06 21:31:29','2018-12-10 19:06:50','00It4100001dxWQmliyTe','0001'),('01bYjd000cnXB01XGHObO','00It4100002dxWQmliyTe','01bYjd0007RLX01XGHObO','1','云服务管理','/g2.1/CloudService/','{\"nece\":[],\"unece\":[]}','',NULL,NULL,'2018-12-06 21:31:30','2018-12-10 19:06:50','00It4100001dxWQmliyTe','0001'),('01bYjd000izXB01XGHObO','00It4100002dxWQmliyTe','01bYjd0007RLX01XGHObO','1','权限类管理','/g2.1/AccessClass/','{\"nece\":[],\"unece\":[]}','',NULL,NULL,'2018-12-06 21:31:30','2018-12-10 19:06:50','00It4100001dxWQmliyTe','0001'),('01bYjd000o8hg01XGHObO','00It4100002dxWQmliyTe','01bYjd0007RLX01XGHObO','1','配置管理','/g2.1/CloudConfig/','{\"nece\":[],\"unece\":[]}','',NULL,NULL,'2018-12-06 21:31:30','2018-12-10 19:06:50','00It4100001dxWQmliyTe','0001'),('01bYjd000uFKq01XGHObO','00It4100002dxWQmliyTe','01bYjd0007RLX01XGHObO','1','云服务套餐管理','/g2.1/CloudPackage/','{\"nece\":[],\"unece\":[]}','',NULL,NULL,'2018-12-06 21:31:30','2018-12-10 19:06:50','00It4100001dxWQmliyTe','0001'),('01bYjd000ytCu01XGHObO','00It4100002dxWQmliyTe','01bYjd0007RLX01XGHObO','1','菜单树管理','/g2.1/MenuItem/','{\"nece\":[],\"unece\":[]}','',NULL,NULL,'2018-12-06 21:31:30','2018-12-10 19:06:50','00It4100001dxWQmliyTe','0001'),('01bYjd0010pJH01XGHObO','00It4100002dxWQmliyTe','01bYjd0007RLX01XGHObO','1','菜单管理','/g2.1/Menu/','{\"nece\":[],\"unece\":[]}','一个服务商可以创建多个菜单',NULL,NULL,'2018-12-06 21:31:30','2018-12-10 19:06:50','00It4100001dxWQmliyTe','0001'),('01bYjd0015IFA01XGHObO','00It4100002dxWQmliyTe','01bYjd0007RLX01XGHObO','1','访问令牌接口API','/g2.1/AccessTokenApi/','{\"nece\":[],\"unece\":[]}','',NULL,NULL,'2018-12-06 21:31:30','2018-12-10 19:06:50','00It4100001dxWQmliyTe','0001'),('01bYjd0016XuL01XGHObO','00It4100002dxWQmliyTe','01bYjd0007RLX01XGHObO','1','云API管理','/g2.1/CloudApi/','{\"nece\":[],\"unece\":[]}','',NULL,NULL,'2018-12-06 21:31:30','2018-12-10 19:06:50','00It4100001dxWQmliyTe','0001'),('01bYjd001Abor01XGHObO','00It4100002dxWQmliyTe','01bYjd0007RLX01XGHObO','1','服务数据刷新接口','/g2.1/CloudServiceSetting/','{\"nece\":[],\"unece\":[]}','',NULL,NULL,'2018-12-06 21:31:30','2018-12-10 19:06:50','00It4100001dxWQmliyTe','0001'),('01bYjd001BncG01XGHObO','00It4100002dxWQmliyTe','01bYjd0007RLX01XGHObO','1','初始化接口','/g2.1/Init/','{\"nece\":[],\"unece\":[]}','系统启动时执行、会生成初始化数据',NULL,NULL,'2018-12-06 21:31:30','2018-12-10 19:06:50','00It4100001dxWQmliyTe','0001'),('01bYjd001Ck8601XGHObO','00It4100002dxWQmliyTe','01bYjd0007RLX01XGHObO','1','Api对接接口','/g2.1/Api/','{\"nece\":[],\"unece\":[]}','用于向公共服务发送接口数据',NULL,NULL,'2018-12-06 21:31:30','2018-12-10 19:06:50','00It4100001dxWQmliyTe','0001'),('01bYjd001DCiL01XGHObO','00It4100002dxWQmliyTe','01bYjd0007RLX01XGHObO','1','公共服务Api对接接口API','/g2.1/G2Api/','{\"nece\":[],\"unece\":[]}','',NULL,NULL,'2018-12-06 21:31:30','2018-12-10 19:06:50','00It4100001dxWQmliyTe','0001'),('01bYjd001ExXu01XGHObO','00It4100002dxWQmliyTe','01bYjd0007RLX01XGHObO','1','用户相关API','/g2.1/UserApi/','{\"nece\":[],\"unece\":[]}','',NULL,NULL,'2018-12-06 21:31:30','2018-12-10 19:06:50','00It4100001dxWQmliyTe','0001'),('01bYjd001FK5Z01XGHObO','00It4100002dxWQmliyTe','01bYjd0007RLX01XGHObO','1','菜单项与接口关联','/g2.1/MenuItemFun/','{\"nece\":[],\"unece\":[]}','',NULL,NULL,'2018-12-06 21:31:30','2018-12-10 19:06:50','00It4100001dxWQmliyTe','0001'),('01bYjd001GVKH01XGHObO','00It4100002dxWQmliyTe','01bYjd0007RLX01XGHObO','1','Api前缀管理','/g2.1/ApiPrefix/','{\"nece\":[],\"unece\":[]}','',NULL,NULL,'2018-12-06 21:31:30','2018-12-10 19:06:50','00It4100001dxWQmliyTe','0001'),('01bYjd001Ivr001XGHObO','00It4100002dxWQmliyTe','01bYjd0007RLX01XGHObO','1','G2Sdk','/g2.1/G2Sdk/','{\"nece\":[],\"unece\":[]}',NULL,NULL,NULL,'2018-12-06 21:31:30','2018-12-10 19:06:50','00It4100001dxWQmliyTe','0001'),('01bYjd001PijG01XGHObO','00It4100002dxWQmliyTe','01bYjd0007RLX01XGHObO','1','服务商用户的角色管理','/g2.1/ServerUserRole/','{\"nece\":[],\"unece\":[]}','',NULL,NULL,'2018-12-06 21:31:30','2018-12-10 19:06:50','00It4100001dxWQmliyTe','0001'),('01bYjd001_fEG01XGHObO','00It4100002dxWQmliyTe','01bYjd0007RLX01XGHObO','1','服务商管理','/g2.1/Server/','{\"nece\":[],\"unece\":[]}','',NULL,NULL,'2018-12-06 21:31:30','2018-12-10 19:06:50','00It4100001dxWQmliyTe','0001'),('01bYjd001f8mu01XGHObO','00It4100002dxWQmliyTe','01bYjd0007RLX01XGHObO','1','发布的应用管理','/g2.1/OpenCloudService/','{\"nece\":[],\"unece\":[]}','所有人都可以搜索里面的应用',NULL,NULL,'2018-12-06 21:31:30','2018-12-10 19:06:50','00It4100001dxWQmliyTe','0001'),('01bYjd001iKN701XGHObO','00It4100002dxWQmliyTe','01bYjd0007RLX01XGHObO','1','子管理员管理','/g2.1/Subadmin/','{\"nece\":[],\"unece\":[]}','',NULL,NULL,'2018-12-06 21:31:30','2018-12-10 19:06:50','00It4100001dxWQmliyTe','0001'),('01bYjd001n4tY01XGHObO','00It4100002dxWQmliyTe','01bYjd0007RLX01XGHObO','1','模板页面','/g2.1/XsStatic/','{\"nece\":[],\"unece\":[]}','',NULL,NULL,'2018-12-06 21:31:30','2018-12-10 19:06:50','00It4100001dxWQmliyTe','0001'),('01bYjd001pOxv01XGHObO','00It4100002dxWQmliyTe','01bYjd0007RLX01XGHObO','1','角色与访问接口的关联','/g2.1/RoleFun/','{\"nece\":[],\"unece\":[]}','',NULL,NULL,'2018-12-06 21:31:30','2018-12-10 19:06:50','00It4100001dxWQmliyTe','0001'),('01bYjd001qWxs01XGHObO','00It4100002dxWQmliyTe','01bYjd0007RLX01XGHObO','1','云服务套餐与云API的关联表','/g2.1/CloudPackageApi/','{\"nece\":[],\"unece\":[]}','',NULL,NULL,'2018-12-06 21:31:30','2018-12-10 19:06:50','00It4100001dxWQmliyTe','0001'),('01bYjd001uCXO01XGHObO','00It4100002dxWQmliyTe','01bYjd0007RLX01XGHObO','1','引用服务管理','/g2.1/ServerLinkService/','{\"nece\":[],\"unece\":[]}','',NULL,NULL,'2018-12-06 21:31:30','2018-12-10 19:06:50','00It4100001dxWQmliyTe','0001'),('01bYjd001xjp901XGHObO','00It4100002dxWQmliyTe','01bYjd0007RLX01XGHObO','1','角色菜单关联管理','/g2.1/RoleMenuItem/','{\"nece\":[],\"unece\":[]}','用于管理角色可以访问哪些菜单',NULL,NULL,'2018-12-06 21:31:30','2018-12-10 19:06:50','00It4100001dxWQmliyTe','0001'),('01bYjd001yQ1j01XGHObO','00It4100002dxWQmliyTe','01bYjd0007RLX01XGHObO','1','全局用户管理','/g2.1/User/','{\"nece\":[],\"unece\":[]}','',NULL,NULL,'2018-12-06 21:31:30','2018-12-10 19:06:50','00It4100001dxWQmliyTe','0001'),('01bYjd0022BU_01XGHObO','00It4100002dxWQmliyTe','01bYjd0007RLX01XGHObO','1','G2基础接口','/g2.1/G2BaseApi/','{\"nece\":[],\"unece\":[]}','包括：菜单、访问权限数据',NULL,NULL,'2018-12-06 21:31:30','2018-12-10 19:06:50','00It4100001dxWQmliyTe','0001'),('01bYjd0023UjU01XGHObO','00It4100002dxWQmliyTe','01bYjd0007RLX01XGHObO','1','子管理员服务列表管理','/g2.1/SubadminService/','{\"nece\":[],\"unece\":[]}','',NULL,NULL,'2018-12-06 21:31:30','2018-12-10 19:06:50','00It4100001dxWQmliyTe','0001'),('01b_Xq0005TCv01XGHObO','00It4100002dxWQmliyTe','01bYjd0007RLX01XGHObO','1','三方平台用户统一性处理模块','/g2.1/ThirdUserLink/','{\"nece\":[],\"unece\":[]}','',NULL,NULL,'2018-12-06 23:33:20','2018-12-10 19:06:50','00It4100001dxWQmliyTe','0001'),('01biLP000Mg9K01XGHObO','01bYjd003LCK201XGHObO','01bYjd003MTqU01XGHObO','1','学生信息','/op1.0/Student/','{\"nece\":[],\"unece\":[]}','',NULL,NULL,'2018-12-07 09:19:38','2018-12-10 17:34:20','01b_s_003EUiT01XGHObO','000100010002'),('01biLP000Tit501XGHObO','01bYjd003LCK201XGHObO','01bYjd003MTqU01XGHObO','1','辅导组信息','/op1.0/Group/','{\"nece\":[],\"unece\":[]}','',NULL,NULL,'2018-12-07 09:19:38','2018-12-10 17:34:20','01b_s_003EUiT01XGHObO','000100010002'),('01biLP000Wto501XGHObO','01bYjd003LCK201XGHObO','01bYjd003MTqU01XGHObO','1','导入学生信息','/op1.0/ImportStudent/','{\"nece\":[],\"unece\":[]}','',NULL,NULL,'2018-12-07 09:19:38','2018-12-10 17:34:20','01b_s_003EUiT01XGHObO','000100010002'),('01biLP000YPI601XGHObO','01bYjd003LCK201XGHObO','01bYjd003MTqU01XGHObO','1','学生与辅导组关系表','/op1.0/RelGroupStu/','{\"nece\":[],\"unece\":[]}','',NULL,NULL,'2018-12-07 09:19:38','2018-12-10 17:34:20','01b_s_003EUiT01XGHObO','000100010002'),('01biLP000_Rfj01XGHObO','01bYjd003LCK201XGHObO','01bYjd003MTqU01XGHObO','1','导入学生信息','/op1.0/ImportTeacher/','{\"nece\":[],\"unece\":[]}','',NULL,NULL,'2018-12-07 09:19:38','2018-12-10 17:34:20','01b_s_003EUiT01XGHObO','000100010002'),('01biLP000cjbm01XGHObO','01bYjd003LCK201XGHObO','01bYjd003MTqU01XGHObO','1','班级信息','/op1.0/SchoolClass/','{\"nece\":[],\"unece\":[]}','',NULL,NULL,'2018-12-07 09:19:39','2018-12-10 17:34:20','01b_s_003EUiT01XGHObO','000100010002'),('01biLP000feTd01XGHObO','01bYjd003LCK201XGHObO','01bYjd003MTqU01XGHObO','1','教师信息','/op1.0/Teacher/','{\"nece\":[],\"unece\":[]}','',NULL,NULL,'2018-12-07 09:19:39','2018-12-10 17:34:20','01b_s_003EUiT01XGHObO','000100010002'),('01cs9i000Caxx01XGHObO','01bYjd003LCK201XGHObO','01bYjd003MTqU01XGHObO','1','图片控制器','/op1.0/Image/','{\"nece\":[],\"unece\":[]}','',NULL,NULL,'2018-12-10 17:34:20','2018-12-10 17:34:20','01bYjd003Impl01XGHObO','000100010002'),('01ctQ3000Ce2J01XGHObO','01bYjd003LCK201XGHObO','01cs9i0004Zbk01XGHObO','1','学生信息','/op1.0/Student/','{\"nece\":[],\"unece\":[]}','',NULL,NULL,'2018-12-10 19:05:44','2018-12-10 19:05:44','01bYjd003Impl01XGHObO','000100010002'),('01ctQ3000KBfi01XGHObO','01bYjd003LCK201XGHObO','01cs9i0004Zbk01XGHObO','1','辅导组信息','/op1.0/Group/','{\"nece\":[],\"unece\":[]}','',NULL,NULL,'2018-12-10 19:05:44','2018-12-10 19:05:44','01bYjd003Impl01XGHObO','000100010002'),('01ctQ3000OuNc01XGHObO','01bYjd003LCK201XGHObO','01cs9i0004Zbk01XGHObO','1','导入学生信息','/op1.0/ImportStudent/','{\"nece\":[],\"unece\":[]}','',NULL,NULL,'2018-12-10 19:05:44','2018-12-10 19:05:44','01bYjd003Impl01XGHObO','000100010002'),('01ctQ3000S5Oy01XGHObO','01bYjd003LCK201XGHObO','01cs9i0004Zbk01XGHObO','1','图片控制器','/op1.0/Image/','{\"nece\":[],\"unece\":[]}','',NULL,NULL,'2018-12-10 19:05:44','2018-12-10 19:05:44','01bYjd003Impl01XGHObO','000100010002'),('01ctQ3000TWN301XGHObO','01bYjd003LCK201XGHObO','01cs9i0004Zbk01XGHObO','1','学生与辅导组关系表','/op1.0/RelGroupStu/','{\"nece\":[],\"unece\":[]}','',NULL,NULL,'2018-12-10 19:05:44','2018-12-10 19:05:44','01bYjd003Impl01XGHObO','000100010002'),('01ctQ3000WcBD01XGHObO','01bYjd003LCK201XGHObO','01cs9i0004Zbk01XGHObO','1','导入学生信息','/op1.0/ImportTeacher/','{\"nece\":[],\"unece\":[]}','',NULL,NULL,'2018-12-10 19:05:44','2018-12-10 19:05:44','01bYjd003Impl01XGHObO','000100010002'),('01ctQ3000ZNea01XGHObO','01bYjd003LCK201XGHObO','01cs9i0004Zbk01XGHObO','1','班级信息','/op1.0/SchoolClass/','{\"nece\":[],\"unece\":[]}','',NULL,NULL,'2018-12-10 19:05:44','2018-12-10 19:05:44','01bYjd003Impl01XGHObO','000100010002'),('01ctQ3000bQ9A01XGHObO','01bYjd003LCK201XGHObO','01cs9i0004Zbk01XGHObO','1','教师信息','/op1.0/Teacher/','{\"nece\":[],\"unece\":[]}','',NULL,NULL,'2018-12-10 19:05:44','2018-12-10 19:05:44','01bYjd003Impl01XGHObO','000100010002'),('01ctQ3000kaXF01XGHObO','00It4100002dxWQmliyTe','01bYjd0007RLX01XGHObO','1','角色管理','/g2.1/Role/','{\"nece\":[],\"unece\":[]}','',NULL,NULL,'2018-12-10 19:06:50','2018-12-10 19:06:50','00It4100001dxWQmliyTe','0001');

/*Table structure for table `xs_g2d1_accessfun` */

DROP TABLE IF EXISTS `xs_g2d1_accessfun`;

CREATE TABLE `xs_g2d1_accessfun` (
  `id` char(21) CHARACTER SET ascii COLLATE ascii_bin NOT NULL,
  `srvid` char(21) CHARACTER SET ascii COLLATE ascii_bin NOT NULL,
  `acid` char(21) CHARACTER SET ascii COLLATE ascii_bin NOT NULL COMMENT '所属接口类id',
  `state` char(1) CHARACTER SET ascii COLLATE ascii_bin NOT NULL COMMENT '0表示未同步、1表示已经同步',
  `name` varchar(128) COLLATE utf8mb4_bin NOT NULL,
  `tied` varchar(56) COLLATE utf8mb4_bin NOT NULL COMMENT '以":method"结尾',
  `params` varchar(3000) COLLATE utf8mb4_bin DEFAULT NULL,
  `rw` varchar(256) CHARACTER SET ascii COLLATE ascii_bin DEFAULT NULL COMMENT '读写类型,格式[t1:t2:..:tx],tx取值：r只有读接口,w有写接口,u登陆用户可访问接口',
  `sdetail` varchar(256) COLLATE utf8mb4_bin DEFAULT NULL,
  `detail` text COLLATE utf8mb4_bin,
  `remark` varchar(512) COLLATE utf8mb4_bin DEFAULT NULL,
  `createtime` datetime NOT NULL,
  `updatetime` datetime NOT NULL,
  `creator` char(21) CHARACTER SET ascii COLLATE ascii_bin NOT NULL,
  `rcode` varchar(128) CHARACTER SET ascii COLLATE ascii_bin NOT NULL,
  PRIMARY KEY (`id`),
  UNIQUE KEY `acid_tied` (`acid`,`tied`),
  KEY `srvid` (`srvid`),
  CONSTRAINT `xs_g2d1_accessfun_ibfk_1` FOREIGN KEY (`acid`) REFERENCES `xs_g2d1_accessclass` (`id`) ON DELETE CASCADE
) ENGINE=InnoDB DEFAULT CHARSET=utf8mb4 COLLATE=utf8mb4_bin COMMENT='访问接口函数';

/*Data for the table `xs_g2d1_accessfun` */

insert  into `xs_g2d1_accessfun`(`id`,`srvid`,`acid`,`state`,`name`,`tied`,`params`,`rw`,`sdetail`,`detail`,`remark`,`createtime`,`updatetime`,`creator`,`rcode`) values ('01bYjd000WJjt01XGHObO','00It4100002dxWQmliyTe','01bYjd000VPhf01XGHObO','1','批量获取数据','listTable:POST','{\"nece\":[],\"unece\":[\"query\",\"queryArray\",\"settings\"]}','r','',NULL,NULL,'2018-12-06 21:31:29','2018-12-10 19:06:50','00It4100001dxWQmliyTe','0001'),('01bYjd000WYSU01XGHObO','00It4100002dxWQmliyTe','01bYjd000VPhf01XGHObO','1','创建服务商用户','insertUser:POST','{\"nece\":[\"login\",\"psw\",\"name\",\"sex\"],\"unece\":[\"head\"]}','','',NULL,NULL,'2018-12-06 21:31:29','2018-12-10 19:06:50','00It4100001dxWQmliyTe','0001'),('01bYjd000XFAj01XGHObO','00It4100002dxWQmliyTe','01bYjd000VPhf01XGHObO','1','修改用户密码','updateUserPsw:PUT','{\"nece\":[\"suid\",\"psw\"],\"unece\":[]}','','',NULL,NULL,'2018-12-06 21:31:29','2018-12-10 19:06:50','00It4100001dxWQmliyTe','0001'),('01bYjd000XRWZ01XGHObO','00It4100002dxWQmliyTe','01bYjd000VPhf01XGHObO','1','获取服务商用户','updateUserBySuid:POST','{\"nece\":[\"suid\",\"name\",\"sex\"],\"unece\":[\"head\"]}','','',NULL,NULL,'2018-12-06 21:31:29','2018-12-10 19:06:50','00It4100001dxWQmliyTe','0001'),('01bYjd000Xnjd01XGHObO','00It4100002dxWQmliyTe','01bYjd000VPhf01XGHObO','1','获取服务商用户','getUserBySuid:GET','{\"nece\":[\"suid\"],\"unece\":[]}','','',NULL,NULL,'2018-12-06 21:31:29','2018-12-10 19:06:50','00It4100001dxWQmliyTe','0001'),('01bYjd000Y50C01XGHObO','00It4100002dxWQmliyTe','01bYjd000VPhf01XGHObO','1','移除用户','removeUserBySuid:DELETE','{\"nece\":[\"suid\"],\"unece\":[]}','w','',NULL,NULL,'2018-12-06 21:31:29','2018-12-10 19:06:50','00It4100001dxWQmliyTe','0001'),('01bYjd000Y8nf01XGHObO','00It4100002dxWQmliyTe','01bYjd000VPhf01XGHObO','1','批量获取数据map','listTableMap:POST','{\"nece\":[],\"unece\":[\"query\",\"queryArray\",\"settings\"]}','r','',NULL,NULL,'2018-12-06 21:31:29','2018-12-10 19:06:50','00It4100001dxWQmliyTe','0001'),('01bYjd000YrGw01XGHObO','00It4100002dxWQmliyTe','01bYjd000YTp601XGHObO','1','根据id设置remark备注','setRemarkById:POST','{\"nece\":[\"id\"],\"unece\":[\"remark\"]}','w','',NULL,NULL,'2018-12-06 21:31:29','2018-12-10 19:06:50','00It4100001dxWQmliyTe','0001'),('01bYjd000Zp9E01XGHObO','00It4100002dxWQmliyTe','01bYjd000YTp601XGHObO','1','根据id修改数据','updateById:POST','{\"nece\":[],\"unece\":[]}','w','',NULL,NULL,'2018-12-06 21:31:29','2018-12-10 19:06:50','00It4100001dxWQmliyTe','0001'),('01bYjd000_Ujm01XGHObO','00It4100002dxWQmliyTe','01bYjd000YTp601XGHObO','1','批量获取数据','listTable:POST','{\"nece\":[],\"unece\":[\"query\",\"queryArray\",\"settings\"]}','r','',NULL,NULL,'2018-12-06 21:31:29','2018-12-10 19:06:50','00It4100001dxWQmliyTe','0001'),('01bYjd000_w0B01XGHObO','00It4100002dxWQmliyTe','01bYjd000YTp601XGHObO','1','根据id设置description描述','setDescriptionById:POST','{\"nece\":[\"id\"],\"unece\":[\"description\"]}','w','',NULL,NULL,'2018-12-06 21:31:29','2018-12-10 19:06:50','00It4100001dxWQmliyTe','0001'),('01bYjd000aGj_01XGHObO','00It4100002dxWQmliyTe','01bYjd000YTp601XGHObO','1','根据id获取数据','getById:GET','{\"nece\":[\"id\"],\"unece\":[]}','r','',NULL,NULL,'2018-12-06 21:31:29','2018-12-10 19:06:50','00It4100001dxWQmliyTe','0001'),('01bYjd000aOHV01XGHObO','00It4100002dxWQmliyTe','01bYjd000YTp601XGHObO','1','添加数据','insert:POST','{\"nece\":[],\"unece\":[]}','w','',NULL,NULL,'2018-12-06 21:31:29','2018-12-10 19:06:50','00It4100001dxWQmliyTe','0001'),('01bYjd000aSZw01XGHObO','00It4100002dxWQmliyTe','01bYjd000YTp601XGHObO','1','根据id删除数据','deleteById:DELETE','{\"nece\":[\"id\"],\"unece\":[]}','w','',NULL,NULL,'2018-12-06 21:31:29','2018-12-10 19:06:50','00It4100001dxWQmliyTe','0001'),('01bYjd000aU1W01XGHObO','00It4100002dxWQmliyTe','01bYjd000YTp601XGHObO','1','批量获取数据map','listTableMap:POST','{\"nece\":[],\"unece\":[\"query\",\"queryArray\",\"settings\"]}','r','',NULL,NULL,'2018-12-06 21:31:29','2018-12-10 19:06:50','00It4100001dxWQmliyTe','0001'),('01bYjd000bS6r01XGHObO','00It4100002dxWQmliyTe','01bYjd000awj101XGHObO','1','oauth2登陆','oauth2:GET','{\"nece\":[\"appid\",\"response_type\",\"redirect_uri\",\"scope\",\"appid\",\"response_type\",\"redirect_uri\",\"scope\"],\"unece\":[\"state\",\"oauth2_type\",\"bridge\",\"ref_appid\",\"state\",\"oauth2_type\",\"ref_appid\"]}',':a','',NULL,NULL,'2018-12-06 21:31:29','2018-12-10 19:06:50','00It4100001dxWQmliyTe','0001'),('01bYjd000bUUO01XGHObO','00It4100002dxWQmliyTe','01bYjd000awj101XGHObO','1','loginRes-g2d1:GET','loginRes-g2d1:GET','{\"nece\":[],\"unece\":[]}',':a',NULL,NULL,NULL,'2018-12-06 21:31:29','2018-12-10 19:06:50','00It4100001dxWQmliyTe','0001'),('01bYjd000c85W01XGHObO','00It4100002dxWQmliyTe','01bYjd000awj101XGHObO','1','loginRes-qq:GET','loginRes-qq:GET','{\"nece\":[\"state\"],\"unece\":[\"usercancel\",\"code\"]}',':a',NULL,NULL,NULL,'2018-12-06 21:31:29','2018-12-10 19:06:50','00It4100001dxWQmliyTe','0001'),('01bYjd000d8GX01XGHObO','00It4100002dxWQmliyTe','01bYjd000cnXB01XGHObO','1','根据id设置remark备注','setRemarkById:POST','{\"nece\":[\"id\"],\"unece\":[\"remark\"]}','w','',NULL,NULL,'2018-12-06 21:31:30','2018-12-10 19:06:50','00It4100001dxWQmliyTe','0001'),('01bYjd000dHdv01XGHObO','00It4100002dxWQmliyTe','01bYjd000cnXB01XGHObO','1','根据id修改数据','updateById:POST','{\"nece\":[],\"unece\":[]}','w','',NULL,NULL,'2018-12-06 21:31:30','2018-12-10 19:06:50','00It4100001dxWQmliyTe','0001'),('01bYjd000dfaf01XGHObO','00It4100002dxWQmliyTe','01bYjd000cnXB01XGHObO','1','批量获取数据','listTable:POST','{\"nece\":[],\"unece\":[\"query\",\"queryArray\",\"settings\"]}','r','',NULL,NULL,'2018-12-06 21:31:30','2018-12-10 19:06:50','00It4100001dxWQmliyTe','0001'),('01bYjd000ebbA01XGHObO','00It4100002dxWQmliyTe','01bYjd000cnXB01XGHObO','1','根据id设置description描述','setDescriptionById:POST','{\"nece\":[\"id\"],\"unece\":[\"description\"]}','w','',NULL,NULL,'2018-12-06 21:31:30','2018-12-10 19:06:50','00It4100001dxWQmliyTe','0001'),('01bYjd000fJPh01XGHObO','00It4100002dxWQmliyTe','01bYjd000cnXB01XGHObO','1','重置应用secret','resetSecret:POST','{\"nece\":[\"id\"],\"unece\":[]}','w','',NULL,NULL,'2018-12-06 21:31:30','2018-12-10 19:06:50','00It4100001dxWQmliyTe','0001'),('01bYjd000fput01XGHObO','00It4100002dxWQmliyTe','01bYjd000cnXB01XGHObO','1','根据id获取数据','getById:GET','{\"nece\":[\"id\"],\"unece\":[]}','r','',NULL,NULL,'2018-12-06 21:31:30','2018-12-10 19:06:50','00It4100001dxWQmliyTe','0001'),('01bYjd000gSow01XGHObO','00It4100002dxWQmliyTe','01bYjd000cnXB01XGHObO','1','导出服务','exportService:GET','{\"nece\":[\"csid\"],\"unece\":[]}','','',NULL,NULL,'2018-12-06 21:31:30','2018-12-10 19:06:50','00It4100001dxWQmliyTe','0001'),('01bYjd000gboF01XGHObO','00It4100002dxWQmliyTe','01bYjd000cnXB01XGHObO','1','导入服务','importService:POST','{\"nece\":[\"file\"],\"unece\":[]}','','',NULL,NULL,'2018-12-06 21:31:30','2018-12-10 19:06:50','00It4100001dxWQmliyTe','0001'),('01bYjd000grIr01XGHObO','00It4100002dxWQmliyTe','01bYjd000cnXB01XGHObO','1','创建云服务','insert:POST','{\"nece\":[\"name\",\"type\"],\"unece\":[\"option_appid\",\"option_secret\",\"icon\",\"id\",\"description\"]}','','',NULL,NULL,'2018-12-06 21:31:30','2018-12-10 19:06:50','00It4100001dxWQmliyTe','0001'),('01bYjd000hoNX01XGHObO','00It4100002dxWQmliyTe','01bYjd000cnXB01XGHObO','1','删除云服务','deleteById:DELETE','{\"nece\":[\"id\"],\"unece\":[]}','w','',NULL,NULL,'2018-12-06 21:31:30','2018-12-10 19:06:50','00It4100001dxWQmliyTe','0001'),('01bYjd000iYGm01XGHObO','00It4100002dxWQmliyTe','01bYjd000cnXB01XGHObO','1','批量获取数据map','listTableMap:POST','{\"nece\":[],\"unece\":[\"query\",\"queryArray\",\"settings\"]}','r','',NULL,NULL,'2018-12-06 21:31:30','2018-12-10 19:06:50','00It4100001dxWQmliyTe','0001'),('01bYjd000jMGQ01XGHObO','00It4100002dxWQmliyTe','01bYjd000izXB01XGHObO','1','根据id设置remark备注','setRemarkById:POST','{\"nece\":[\"id\"],\"unece\":[\"remark\"]}','w','',NULL,NULL,'2018-12-06 21:31:30','2018-12-10 19:06:50','00It4100001dxWQmliyTe','0001'),('01bYjd000k7hf01XGHObO','00It4100002dxWQmliyTe','01bYjd000izXB01XGHObO','1','根据id修改数据','updateById:POST','{\"nece\":[],\"unece\":[]}','w','',NULL,NULL,'2018-12-06 21:31:30','2018-12-10 19:06:50','00It4100001dxWQmliyTe','0001'),('01bYjd000kAW801XGHObO','00It4100002dxWQmliyTe','01bYjd000izXB01XGHObO','1','批量获取数据','listTable:POST','{\"nece\":[],\"unece\":[\"query\",\"queryArray\",\"settings\"]}','r','',NULL,NULL,'2018-12-06 21:31:30','2018-12-10 19:06:50','00It4100001dxWQmliyTe','0001'),('01bYjd000l4hK01XGHObO','00It4100002dxWQmliyTe','01bYjd000izXB01XGHObO','1','根据id设置description描述','setDescriptionById:POST','{\"nece\":[\"id\"],\"unece\":[\"description\"]}','w','',NULL,NULL,'2018-12-06 21:31:30','2018-12-10 19:06:50','00It4100001dxWQmliyTe','0001'),('01bYjd000lAXg01XGHObO','00It4100002dxWQmliyTe','01bYjd000izXB01XGHObO','1','根据id获取数据','getById:GET','{\"nece\":[\"id\"],\"unece\":[]}','r','',NULL,NULL,'2018-12-06 21:31:30','2018-12-10 19:06:50','00It4100001dxWQmliyTe','0001'),('01bYjd000lqs801XGHObO','00It4100002dxWQmliyTe','01bYjd000izXB01XGHObO','1','同步接口数据','syncPorter:POST','{\"nece\":[\"csid\"],\"unece\":[]}','','',NULL,NULL,'2018-12-06 21:31:30','2018-12-10 19:06:50','00It4100001dxWQmliyTe','0001'),('01bYjd000mYQD01XGHObO','00It4100002dxWQmliyTe','01bYjd000izXB01XGHObO','1','添加数据','insert:POST','{\"nece\":[],\"unece\":[]}','w','',NULL,NULL,'2018-12-06 21:31:30','2018-12-10 19:06:50','00It4100001dxWQmliyTe','0001'),('01bYjd000nUPj01XGHObO','00It4100002dxWQmliyTe','01bYjd000izXB01XGHObO','1','根据id删除数据','deleteById:DELETE','{\"nece\":[\"id\"],\"unece\":[]}','w','',NULL,NULL,'2018-12-06 21:31:30','2018-12-10 19:06:50','00It4100001dxWQmliyTe','0001'),('01bYjd000njhk01XGHObO','00It4100002dxWQmliyTe','01bYjd000izXB01XGHObO','1','批量获取数据map','listTableMap:POST','{\"nece\":[],\"unece\":[\"query\",\"queryArray\",\"settings\"]}','r','',NULL,NULL,'2018-12-06 21:31:30','2018-12-10 19:06:50','00It4100001dxWQmliyTe','0001'),('01bYjd000oZGO01XGHObO','00It4100002dxWQmliyTe','01bYjd000o8hg01XGHObO','1','根据id设置remark备注','setRemarkById:POST','{\"nece\":[\"id\"],\"unece\":[\"remark\"]}','w','',NULL,NULL,'2018-12-06 21:31:30','2018-12-10 19:06:50','00It4100001dxWQmliyTe','0001'),('01bYjd000pSLh01XGHObO','00It4100002dxWQmliyTe','01bYjd000o8hg01XGHObO','1','根据id修改数据','updateById:POST','{\"nece\":[],\"unece\":[]}','w','',NULL,NULL,'2018-12-06 21:31:30','2018-12-10 19:06:50','00It4100001dxWQmliyTe','0001'),('01bYjd000qNj501XGHObO','00It4100002dxWQmliyTe','01bYjd000o8hg01XGHObO','1','批量获取数据','listTable:POST','{\"nece\":[],\"unece\":[\"query\",\"queryArray\",\"settings\"]}','r','',NULL,NULL,'2018-12-06 21:31:30','2018-12-10 19:06:50','00It4100001dxWQmliyTe','0001'),('01bYjd000r6w501XGHObO','00It4100002dxWQmliyTe','01bYjd000o8hg01XGHObO','1','根据id设置description描述','setDescriptionById:POST','{\"nece\":[\"id\"],\"unece\":[\"description\"]}','w','',NULL,NULL,'2018-12-06 21:31:30','2018-12-10 19:06:50','00It4100001dxWQmliyTe','0001'),('01bYjd000rPeY01XGHObO','00It4100002dxWQmliyTe','01bYjd000o8hg01XGHObO','1','根据id获取数据','getById:GET','{\"nece\":[\"id\"],\"unece\":[]}','r','',NULL,NULL,'2018-12-06 21:31:30','2018-12-10 19:06:50','00It4100001dxWQmliyTe','0001'),('01bYjd000sBrV01XGHObO','00It4100002dxWQmliyTe','01bYjd000o8hg01XGHObO','1','添加数据','insert:POST','{\"nece\":[],\"unece\":[]}','w','',NULL,NULL,'2018-12-06 21:31:30','2018-12-10 19:06:50','00It4100001dxWQmliyTe','0001'),('01bYjd000sowZ01XGHObO','00It4100002dxWQmliyTe','01bYjd000o8hg01XGHObO','1','根据id删除数据','deleteById:DELETE','{\"nece\":[\"id\"],\"unece\":[]}','w','',NULL,NULL,'2018-12-06 21:31:30','2018-12-10 19:06:50','00It4100001dxWQmliyTe','0001'),('01bYjd000tW4U01XGHObO','00It4100002dxWQmliyTe','01bYjd000o8hg01XGHObO','1','批量获取数据map','listTableMap:POST','{\"nece\":[],\"unece\":[\"query\",\"queryArray\",\"settings\"]}','r','',NULL,NULL,'2018-12-06 21:31:30','2018-12-10 19:06:50','00It4100001dxWQmliyTe','0001'),('01bYjd000uxcY01XGHObO','00It4100002dxWQmliyTe','01bYjd000uFKq01XGHObO','1','根据id设置remark备注','setRemarkById:POST','{\"nece\":[\"id\"],\"unece\":[\"remark\"]}','w','',NULL,NULL,'2018-12-06 21:31:30','2018-12-10 19:06:50','00It4100001dxWQmliyTe','0001'),('01bYjd000vKSt01XGHObO','00It4100002dxWQmliyTe','01bYjd000uFKq01XGHObO','1','根据id修改数据','updateById:POST','{\"nece\":[],\"unece\":[]}','w','',NULL,NULL,'2018-12-06 21:31:30','2018-12-10 19:06:50','00It4100001dxWQmliyTe','0001'),('01bYjd000vabB01XGHObO','00It4100002dxWQmliyTe','01bYjd000uFKq01XGHObO','1','批量获取数据','listTable:POST','{\"nece\":[],\"unece\":[\"query\",\"queryArray\",\"settings\"]}','r','',NULL,NULL,'2018-12-06 21:31:30','2018-12-10 19:06:50','00It4100001dxWQmliyTe','0001'),('01bYjd000wCnl01XGHObO','00It4100002dxWQmliyTe','01bYjd000uFKq01XGHObO','1','根据id设置description描述','setDescriptionById:POST','{\"nece\":[\"id\"],\"unece\":[\"description\"]}','w','',NULL,NULL,'2018-12-06 21:31:30','2018-12-10 19:06:50','00It4100001dxWQmliyTe','0001'),('01bYjd000wtOK01XGHObO','00It4100002dxWQmliyTe','01bYjd000uFKq01XGHObO','1','根据id获取数据','getById:GET','{\"nece\":[\"id\"],\"unece\":[]}','r','',NULL,NULL,'2018-12-06 21:31:30','2018-12-10 19:06:50','00It4100001dxWQmliyTe','0001'),('01bYjd000xTr501XGHObO','00It4100002dxWQmliyTe','01bYjd000uFKq01XGHObO','1','添加数据','insert:POST','{\"nece\":[],\"unece\":[]}','w','',NULL,NULL,'2018-12-06 21:31:30','2018-12-10 19:06:50','00It4100001dxWQmliyTe','0001'),('01bYjd000yRdc01XGHObO','00It4100002dxWQmliyTe','01bYjd000uFKq01XGHObO','1','根据id删除数据','deleteById:DELETE','{\"nece\":[\"id\"],\"unece\":[]}','w','',NULL,NULL,'2018-12-06 21:31:30','2018-12-10 19:06:50','00It4100001dxWQmliyTe','0001'),('01bYjd000yhMH01XGHObO','00It4100002dxWQmliyTe','01bYjd000uFKq01XGHObO','1','批量获取数据map','listTableMap:POST','{\"nece\":[],\"unece\":[\"query\",\"queryArray\",\"settings\"]}','r','',NULL,NULL,'2018-12-06 21:31:30','2018-12-10 19:06:50','00It4100001dxWQmliyTe','0001'),('01bYjd000zssv01XGHObO','00It4100002dxWQmliyTe','01bYjd000ytCu01XGHObO','1','删除菜单项',':DELETE','{\"nece\":[\"id\"],\"unece\":[]}','','',NULL,NULL,'2018-12-06 21:31:30','2018-12-10 19:06:50','00It4100001dxWQmliyTe','0001'),('01bYjd00107Qe01XGHObO','00It4100002dxWQmliyTe','01bYjd000ytCu01XGHObO','1','添加菜单项',':POST','{\"nece\":[\"name\",\"mid\",\"visible\"],\"unece\":[\"url\",\"data\",\"order\",\"pid\",\"id\",\"description\"]}','','',NULL,NULL,'2018-12-06 21:31:30','2018-12-10 19:06:50','00It4100001dxWQmliyTe','0001'),('01bYjd0010KEL01XGHObO','00It4100002dxWQmliyTe','01bYjd000ytCu01XGHObO','1','修改菜单项',':PUT','{\"nece\":[\"id\",\"name\",\"mid\",\"visible\"],\"unece\":[\"url\",\"data\",\"order\",\"pid\",\"id\",\"description\"]}','','',NULL,NULL,'2018-12-06 21:31:30','2018-12-10 19:06:50','00It4100001dxWQmliyTe','0001'),('01bYjd0010fGz01XGHObO','00It4100002dxWQmliyTe','01bYjd000ytCu01XGHObO','1','批量获取菜单项',':GET','{\"nece\":[\"mid\"],\"unece\":[\"pid\",\"settings\",\"currentId\"]}','','',NULL,NULL,'2018-12-06 21:31:30','2018-12-10 19:06:50','00It4100001dxWQmliyTe','0001'),('01bYjd0010xoj01XGHObO','00It4100002dxWQmliyTe','01bYjd0010pJH01XGHObO','1','根据id设置remark备注','setRemarkById:POST','{\"nece\":[\"id\"],\"unece\":[\"remark\"]}','w','',NULL,NULL,'2018-12-06 21:31:30','2018-12-10 19:06:50','00It4100001dxWQmliyTe','0001'),('01bYjd0011cej01XGHObO','00It4100002dxWQmliyTe','01bYjd0010pJH01XGHObO','1','根据id修改数据','updateById:POST','{\"nece\":[],\"unece\":[]}','w','',NULL,NULL,'2018-12-06 21:31:30','2018-12-10 19:06:50','00It4100001dxWQmliyTe','0001'),('01bYjd0012UD501XGHObO','00It4100002dxWQmliyTe','01bYjd0010pJH01XGHObO','1','批量获取数据','listTable:POST','{\"nece\":[],\"unece\":[\"query\",\"queryArray\",\"settings\"]}','r','',NULL,NULL,'2018-12-06 21:31:30','2018-12-10 19:06:50','00It4100001dxWQmliyTe','0001'),('01bYjd0013Kwo01XGHObO','00It4100002dxWQmliyTe','01bYjd0010pJH01XGHObO','1','根据id设置description描述','setDescriptionById:POST','{\"nece\":[\"id\"],\"unece\":[\"description\"]}','w','',NULL,NULL,'2018-12-06 21:31:30','2018-12-10 19:06:50','00It4100001dxWQmliyTe','0001'),('01bYjd0013pok01XGHObO','00It4100002dxWQmliyTe','01bYjd0010pJH01XGHObO','1','根据id获取数据','getById:GET','{\"nece\":[\"id\"],\"unece\":[]}','r','',NULL,NULL,'2018-12-06 21:31:30','2018-12-10 19:06:50','00It4100001dxWQmliyTe','0001'),('01bYjd0013quu01XGHObO','00It4100002dxWQmliyTe','01bYjd0010pJH01XGHObO','1','导出菜单','exportMenu:GET','{\"nece\":[\"mid\"],\"unece\":[]}','','',NULL,NULL,'2018-12-06 21:31:30','2018-12-10 19:06:50','00It4100001dxWQmliyTe','0001'),('01bYjd0014Q4801XGHObO','00It4100002dxWQmliyTe','01bYjd0010pJH01XGHObO','1','导入菜单','importMenu:POST','{\"nece\":[\"file\"],\"unece\":[\"mid\"]}','','',NULL,NULL,'2018-12-06 21:31:30','2018-12-10 19:06:50','00It4100001dxWQmliyTe','0001'),('01bYjd0014i2501XGHObO','00It4100002dxWQmliyTe','01bYjd0010pJH01XGHObO','1','添加菜单','insert:POST','{\"nece\":[\"name\"],\"unece\":[\"option_id\",\"id\",\"description\"]}','w','',NULL,NULL,'2018-12-06 21:31:30','2018-12-10 19:06:50','00It4100001dxWQmliyTe','0001'),('01bYjd0014ksq01XGHObO','00It4100002dxWQmliyTe','01bYjd0010pJH01XGHObO','1','根据id删除数据','deleteById:DELETE','{\"nece\":[\"id\"],\"unece\":[]}','w','',NULL,NULL,'2018-12-06 21:31:30','2018-12-10 19:06:50','00It4100001dxWQmliyTe','0001'),('01bYjd0015EeD01XGHObO','00It4100002dxWQmliyTe','01bYjd0010pJH01XGHObO','1','批量获取数据map','listTableMap:POST','{\"nece\":[],\"unece\":[\"query\",\"queryArray\",\"settings\"]}','r','',NULL,NULL,'2018-12-06 21:31:30','2018-12-10 19:06:50','00It4100001dxWQmliyTe','0001'),('01bYjd0015lof01XGHObO','00It4100002dxWQmliyTe','01bYjd0015IFA01XGHObO','1','刷新access_token','refresh:GET','{\"nece\":[\"refresh_token\"],\"unece\":[]}','a:w:a','',NULL,NULL,'2018-12-06 21:31:30','2018-12-10 19:06:50','00It4100001dxWQmliyTe','0001'),('01bYjd0015nUO01XGHObO','00It4100002dxWQmliyTe','01bYjd0015IFA01XGHObO','1','测试access_token','check:GET','{\"nece\":[],\"unece\":[]}',':a','',NULL,NULL,'2018-12-06 21:31:30','2018-12-10 19:06:50','00It4100001dxWQmliyTe','0001'),('01bYjd0015tg401XGHObO','00It4100002dxWQmliyTe','01bYjd0015IFA01XGHObO','1','获取token','token:GET','{\"nece\":[\"appid\",\"secret\"],\"unece\":[\"code\"]}','a:w:a','1.后台接口获取；2.oauth2需要code。',NULL,NULL,'2018-12-06 21:31:30','2018-12-10 19:06:50','00It4100001dxWQmliyTe','0001'),('01bYjd0017D1_01XGHObO','00It4100002dxWQmliyTe','01bYjd0016XuL01XGHObO','1','根据id设置remark备注','setRemarkById:POST','{\"nece\":[\"id\"],\"unece\":[\"remark\"]}','w','',NULL,NULL,'2018-12-06 21:31:30','2018-12-10 19:06:50','00It4100001dxWQmliyTe','0001'),('01bYjd0017NDo01XGHObO','00It4100002dxWQmliyTe','01bYjd0016XuL01XGHObO','1','根据id修改数据','updateById:POST','{\"nece\":[],\"unece\":[]}','w','',NULL,NULL,'2018-12-06 21:31:30','2018-12-10 19:06:50','00It4100001dxWQmliyTe','0001'),('01bYjd0017VPR01XGHObO','00It4100002dxWQmliyTe','01bYjd0016XuL01XGHObO','1','批量获取数据','listTable:POST','{\"nece\":[],\"unece\":[\"query\",\"queryArray\",\"settings\"]}','r','',NULL,NULL,'2018-12-06 21:31:30','2018-12-10 19:06:50','00It4100001dxWQmliyTe','0001'),('01bYjd0018M4g01XGHObO','00It4100002dxWQmliyTe','01bYjd0016XuL01XGHObO','1','根据id设置description描述','setDescriptionById:POST','{\"nece\":[\"id\"],\"unece\":[\"description\"]}','w','',NULL,NULL,'2018-12-06 21:31:30','2018-12-10 19:06:50','00It4100001dxWQmliyTe','0001'),('01bYjd0018dDB01XGHObO','00It4100002dxWQmliyTe','01bYjd0016XuL01XGHObO','1','根据id获取数据','getById:GET','{\"nece\":[\"id\"],\"unece\":[]}','r','',NULL,NULL,'2018-12-06 21:31:30','2018-12-10 19:06:50','00It4100001dxWQmliyTe','0001'),('01bYjd0018t8S01XGHObO','00It4100002dxWQmliyTe','01bYjd0016XuL01XGHObO','1','添加数据','insert:POST','{\"nece\":[],\"unece\":[]}','w','',NULL,NULL,'2018-12-06 21:31:30','2018-12-10 19:06:50','00It4100001dxWQmliyTe','0001'),('01bYjd0019qw201XGHObO','00It4100002dxWQmliyTe','01bYjd0016XuL01XGHObO','1','根据id删除数据','deleteById:DELETE','{\"nece\":[\"id\"],\"unece\":[]}','w','',NULL,NULL,'2018-12-06 21:31:30','2018-12-10 19:06:50','00It4100001dxWQmliyTe','0001'),('01bYjd001AT0j01XGHObO','00It4100002dxWQmliyTe','01bYjd0016XuL01XGHObO','1','批量获取数据map','listTableMap:POST','{\"nece\":[],\"unece\":[\"query\",\"queryArray\",\"settings\"]}','r','',NULL,NULL,'2018-12-06 21:31:30','2018-12-10 19:06:50','00It4100001dxWQmliyTe','0001'),('01bYjd001AiOD01XGHObO','00It4100002dxWQmliyTe','01bYjd001Abor01XGHObO','1','刷新权限','flushAuthenticator:GET','{\"nece\":[\"csid\"],\"unece\":[]}','','',NULL,NULL,'2018-12-06 21:31:30','2018-12-10 19:06:50','00It4100001dxWQmliyTe','0001'),('01bYjd001AoKV01XGHObO','00It4100002dxWQmliyTe','01bYjd001Abor01XGHObO','1','刷新菜单','flushMenu:GET','{\"nece\":[\"csid\"],\"unece\":[]}','','',NULL,NULL,'2018-12-06 21:31:30','2018-12-10 19:06:50','00It4100001dxWQmliyTe','0001'),('01bYjd001DOjp01XGHObO','00It4100002dxWQmliyTe','01bYjd001DCiL01XGHObO','1','WebSocket通道','ws:GET','{\"nece\":[\"invoker_appid\",\"invoker_srvid\"],\"unece\":[]}',':a','',NULL,NULL,'2018-12-06 21:31:30','2018-12-10 19:06:50','00It4100001dxWQmliyTe','0001'),('01bYjd001EKTy01XGHObO','00It4100002dxWQmliyTe','01bYjd001DCiL01XGHObO','1','服务调用','cloudApi:POST','{\"nece\":[],\"unece\":[]}',':a','',NULL,NULL,'2018-12-06 21:31:30','2018-12-10 19:06:50','00It4100001dxWQmliyTe','0001'),('01bYjd001Ek3C01XGHObO','00It4100002dxWQmliyTe','01bYjd001DCiL01XGHObO','1','wsTransfer:GET','wsTransfer:GET','{\"nece\":[\"ws_appid\",\"cmd\",\"for_result\"],\"unece\":[\"ws_api\",\"content\"]}',':a',NULL,NULL,NULL,'2018-12-06 21:31:30','2018-12-10 19:06:50','00It4100001dxWQmliyTe','0001'),('01bYjd001FF1z01XGHObO','00It4100002dxWQmliyTe','01bYjd001ExXu01XGHObO','1','获取用户信息','getUserInfo:GET','{\"nece\":[\"suid\"],\"unece\":[]}',':a','需要获取引用的应用id',NULL,NULL,'2018-12-06 21:31:30','2018-12-10 19:06:50','00It4100001dxWQmliyTe','0001'),('01bYjd001Fdx501XGHObO','00It4100002dxWQmliyTe','01bYjd001FK5Z01XGHObO','1','获取菜单项可访问的接口函数','listFuns:GET','{\"nece\":[\"csid\",\"miid\"],\"unece\":[]}','','',NULL,NULL,'2018-12-06 21:31:30','2018-12-10 19:06:50','00It4100001dxWQmliyTe','0001'),('01bYjd001FudJ01XGHObO','00It4100002dxWQmliyTe','01bYjd001FK5Z01XGHObO','1','保存菜单项可访问的接口函数','saveAccesses:POST','{\"nece\":[\"miid\",\"accesses\"],\"unece\":[]}','','',NULL,NULL,'2018-12-06 21:31:30','2018-12-10 19:06:50','00It4100001dxWQmliyTe','0001'),('01bYjd001H6zy01XGHObO','00It4100002dxWQmliyTe','01bYjd001GVKH01XGHObO','1','根据id获取数据','getById:GET','{\"nece\":[\"id\"],\"unece\":[]}','r','',NULL,NULL,'2018-12-06 21:31:30','2018-12-10 19:06:50','00It4100001dxWQmliyTe','0001'),('01bYjd001Hq3o01XGHObO','00It4100002dxWQmliyTe','01bYjd001GVKH01XGHObO','1','批量获取数据','listTable:POST','{\"nece\":[],\"unece\":[\"query\",\"queryArray\",\"settings\"]}','r','',NULL,NULL,'2018-12-06 21:31:30','2018-12-10 19:06:50','00It4100001dxWQmliyTe','0001'),('01bYjd001I9vd01XGHObO','00It4100002dxWQmliyTe','01bYjd001GVKH01XGHObO','1','添加api前缀','insert:POST','{\"nece\":[\"prefix\",\"detail\"],\"unece\":[\"id\",\"description\"]}','w','',NULL,NULL,'2018-12-06 21:31:30','2018-12-10 19:06:50','00It4100001dxWQmliyTe','0001'),('01bYjd001IHIF01XGHObO','00It4100002dxWQmliyTe','01bYjd001GVKH01XGHObO','1','根据id删除数据','deleteById:DELETE','{\"nece\":[\"id\"],\"unece\":[]}','w','',NULL,NULL,'2018-12-06 21:31:30','2018-12-10 19:06:50','00It4100001dxWQmliyTe','0001'),('01bYjd001IgpA01XGHObO','00It4100002dxWQmliyTe','01bYjd001GVKH01XGHObO','1','批量获取数据map','listTableMap:POST','{\"nece\":[],\"unece\":[\"query\",\"queryArray\",\"settings\"]}','r','',NULL,NULL,'2018-12-06 21:31:30','2018-12-10 19:06:50','00It4100001dxWQmliyTe','0001'),('01bYjd001J17q01XGHObO','00It4100002dxWQmliyTe','01bYjd001Ivr001XGHObO','1','生成验证码1','genPatchca1:GET','{\"nece\":[],\"unece\":[]}',':a','',NULL,NULL,'2018-12-06 21:31:30','2018-12-10 19:06:50','00It4100001dxWQmliyTe','0001'),('01bYjd001JL0501XGHObO','00It4100002dxWQmliyTe','01bYjd001Ivr001XGHObO','1','验证页面的js签名','checkJsSign:POST','{\"nece\":[\"appid\",\"signature\",\"noncestr\",\"timestamp\",\"url\"],\"unece\":[\"ref_appid\"]}',':a','appid为调用者的',NULL,NULL,'2018-12-06 21:31:30','2018-12-10 19:06:50','00It4100001dxWQmliyTe','0001'),('01bYjd001JPqQ01XGHObO','00It4100002dxWQmliyTe','01bYjd001Ivr001XGHObO','1','生成验证码1','genPatchca3:GET','{\"nece\":[],\"unece\":[]}',':a','',NULL,NULL,'2018-12-06 21:31:30','2018-12-10 19:06:50','00It4100001dxWQmliyTe','0001'),('01bYjd001KGSe01XGHObO','00It4100002dxWQmliyTe','01bYjd001Ivr001XGHObO','1','调用其他服务','requestCloudApi:POST','{\"nece\":[\"appid\",\"api\"],\"unece\":[\"data\"]}','','',NULL,NULL,'2018-12-06 21:31:30','2018-12-10 19:06:50','00It4100001dxWQmliyTe','0001'),('01bYjd001LDnm01XGHObO','00It4100002dxWQmliyTe','01bYjd001Ivr001XGHObO','1','判断是否登陆','isLogin:GET','{\"nece\":[],\"unece\":[\"justCheck\",\"oauth2_type\",\"saveCurrent\"]}','a:a','',NULL,NULL,'2018-12-06 21:31:30','2018-12-10 19:06:50','00It4100001dxWQmliyTe','0001'),('01bYjd001LYfQ01XGHObO','00It4100002dxWQmliyTe','01bYjd001Ivr001XGHObO','1','oauth2.0登陆结果回调','loginRes:GET','{\"nece\":[\"code\",\"state\",\"oauth2_type\"],\"unece\":[]}',':a','',NULL,NULL,'2018-12-06 21:31:30','2018-12-10 19:06:50','00It4100001dxWQmliyTe','0001'),('01bYjd001MLoY01XGHObO','00It4100002dxWQmliyTe','01bYjd001Ivr001XGHObO','1','genJsSign:POST','genJsSign:POST','{\"nece\":[],\"unece\":[]}',':a',NULL,NULL,NULL,'2018-12-06 21:31:30','2018-12-10 19:06:50','00It4100001dxWQmliyTe','0001'),('01bYjd001MTu401XGHObO','00It4100002dxWQmliyTe','01bYjd001Ivr001XGHObO','1','登录','bridgeLogin:GET','{\"nece\":[\"bridge_key\",\"bridge_api\",\"bridge_type\"],\"unece\":[]}',':a','由公共服务主动请求发起的用户oauth2登录',NULL,NULL,'2018-12-06 21:31:30','2018-12-10 19:06:50','00It4100001dxWQmliyTe','0001'),('01bYjd001Mpy201XGHObO','00It4100002dxWQmliyTe','01bYjd001Ivr001XGHObO','1','获取菜单','getMenus:GET','{\"nece\":[\"menu_id\"],\"unece\":[]}','u:u','需要提供menu_id',NULL,NULL,'2018-12-06 21:31:30','2018-12-10 19:06:50','00It4100001dxWQmliyTe','0001'),('01bYjd001Myi001XGHObO','00It4100002dxWQmliyTe','01bYjd001Ivr001XGHObO','1','生成验证码1','genPatchca5:GET','{\"nece\":[],\"unece\":[]}',':a','',NULL,NULL,'2018-12-06 21:31:30','2018-12-10 19:06:50','00It4100001dxWQmliyTe','0001'),('01bYjd001NL8O01XGHObO','00It4100002dxWQmliyTe','01bYjd001Ivr001XGHObO','1','调用api','onCloudApiInvoke:POST','{\"nece\":[\"signature\",\"timestamp\",\"nonce\",\"api\"],\"unece\":[\"data\"]}',':a','供其他服务调用',NULL,NULL,'2018-12-06 21:31:30','2018-12-10 19:06:50','00It4100001dxWQmliyTe','0001'),('01bYjd001O91501XGHObO','00It4100002dxWQmliyTe','01bYjd001Ivr001XGHObO','1','生成验证码1','genPatchca4:GET','{\"nece\":[],\"unece\":[]}',':a','',NULL,NULL,'2018-12-06 21:31:30','2018-12-10 19:06:50','00It4100001dxWQmliyTe','0001'),('01bYjd001OEs101XGHObO','00It4100002dxWQmliyTe','01bYjd001Ivr001XGHObO','1','生成验证码1','genPatchca2:GET','{\"nece\":[],\"unece\":[]}',':a','',NULL,NULL,'2018-12-06 21:31:30','2018-12-10 19:06:50','00It4100001dxWQmliyTe','0001'),('01bYjd001P3DH01XGHObO','00It4100002dxWQmliyTe','01bYjd001Ivr001XGHObO','1','注销','logout:GET','{\"nece\":[],\"unece\":[]}',':a','',NULL,NULL,'2018-12-06 21:31:30','2018-12-10 19:06:50','00It4100001dxWQmliyTe','0001'),('01bYjd001Q5Hi01XGHObO','00It4100002dxWQmliyTe','01bYjd001PijG01XGHObO','1','设置个人的角色令牌','setMineCurrentRole:POST','{\"nece\":[\"rid\"],\"unece\":[]}','w:u','',NULL,NULL,'2018-12-06 21:31:30','2018-12-10 19:06:50','00It4100001dxWQmliyTe','0001'),('01bYjd001R4su01XGHObO','00It4100002dxWQmliyTe','01bYjd001PijG01XGHObO','1','列出我的所有最高角色','listMineMaxRoles:POST','{\"nece\":[],\"unece\":[]}','w:u','',NULL,NULL,'2018-12-06 21:31:30','2018-12-10 19:06:50','00It4100001dxWQmliyTe','0001'),('01bYjd001Rmqj01XGHObO','00It4100002dxWQmliyTe','01bYjd001PijG01XGHObO','1','批量获取数据','listTable:POST','{\"nece\":[],\"unece\":[\"query\",\"queryArray\",\"settings\"]}','r','',NULL,NULL,'2018-12-06 21:31:30','2018-12-10 19:06:50','00It4100001dxWQmliyTe','0001'),('01bYjd001SRdc01XGHObO','00It4100002dxWQmliyTe','01bYjd001PijG01XGHObO','1','获取用户角色及角色树','listUserRoles:GET','{\"nece\":[\"suid\"],\"unece\":[]}','r','',NULL,NULL,'2018-12-06 21:31:30','2018-12-10 19:06:50','00It4100001dxWQmliyTe','0001'),('01bYjd001TPHP01XGHObO','00It4100002dxWQmliyTe','01bYjd001PijG01XGHObO','1','设置用户角色','saveUserRoles:POST','{\"nece\":[\"suid\",\"rids\"],\"unece\":[]}','w','',NULL,NULL,'2018-12-06 21:31:30','2018-12-10 19:06:50','00It4100001dxWQmliyTe','0001'),('01bYjd001TvJQ01XGHObO','00It4100002dxWQmliyTe','01bYjd001PijG01XGHObO','1','批量获取数据map','listTableMap:POST','{\"nece\":[],\"unece\":[\"query\",\"queryArray\",\"settings\"]}','r','',NULL,NULL,'2018-12-06 21:31:30','2018-12-10 19:06:50','00It4100001dxWQmliyTe','0001'),('01bYjd001a3ZR01XGHObO','00It4100002dxWQmliyTe','01bYjd001_fEG01XGHObO','1','根据id设置remark备注','setRemarkById:POST','{\"nece\":[\"id\"],\"unece\":[\"remark\"]}','w','',NULL,NULL,'2018-12-06 21:31:30','2018-12-10 19:06:50','00It4100001dxWQmliyTe','0001'),('01bYjd001aoa401XGHObO','00It4100002dxWQmliyTe','01bYjd001_fEG01XGHObO','1','根据id修改数据','updateById:POST','{\"nece\":[],\"unece\":[]}','w','',NULL,NULL,'2018-12-06 21:31:30','2018-12-10 19:06:50','00It4100001dxWQmliyTe','0001'),('01bYjd001auGo01XGHObO','00It4100002dxWQmliyTe','01bYjd001_fEG01XGHObO','1','批量获取数据','listTable:POST','{\"nece\":[],\"unece\":[\"query\",\"queryArray\",\"settings\"]}','r','',NULL,NULL,'2018-12-06 21:31:30','2018-12-10 19:06:50','00It4100001dxWQmliyTe','0001'),('01bYjd001bUim01XGHObO','00It4100002dxWQmliyTe','01bYjd001_fEG01XGHObO','1','根据id设置description描述','setDescriptionById:POST','{\"nece\":[\"id\"],\"unece\":[\"description\"]}','w','',NULL,NULL,'2018-12-06 21:31:30','2018-12-10 19:06:50','00It4100001dxWQmliyTe','0001'),('01bYjd001c4Ts01XGHObO','00It4100002dxWQmliyTe','01bYjd001_fEG01XGHObO','1','设置是否允许登陆G2','setEnableg2:PUT','{\"nece\":[\"srvid\",\"enableg2\"],\"unece\":[]}','','',NULL,NULL,'2018-12-06 21:31:30','2018-12-10 19:06:50','00It4100001dxWQmliyTe','0001'),('01bYjd001cNF_01XGHObO','00It4100002dxWQmliyTe','01bYjd001_fEG01XGHObO','1','根据id获取数据','getById:GET','{\"nece\":[\"id\"],\"unece\":[]}','r','',NULL,NULL,'2018-12-06 21:31:30','2018-12-10 19:06:50','00It4100001dxWQmliyTe','0001'),('01bYjd001cyPd01XGHObO','00It4100002dxWQmliyTe','01bYjd001_fEG01XGHObO','1','创建服务商','insert:POST','{\"nece\":[\"name\",\"selfuser\"],\"unece\":[\"logo\",\"id\",\"description\"]}','','',NULL,NULL,'2018-12-06 21:31:30','2018-12-10 19:06:50','00It4100001dxWQmliyTe','0001'),('01bYjd001dv0Q01XGHObO','00It4100002dxWQmliyTe','01bYjd001_fEG01XGHObO','1','修改管理员的密码','updateAdminPsw:PUT','{\"nece\":[\"srvid\",\"psw\"],\"unece\":[]}','','',NULL,NULL,'2018-12-06 21:31:30','2018-12-10 19:06:50','00It4100001dxWQmliyTe','0001'),('01bYjd001eOY701XGHObO','00It4100002dxWQmliyTe','01bYjd001_fEG01XGHObO','1','批量获取数据map','listTableMap:POST','{\"nece\":[],\"unece\":[\"query\",\"queryArray\",\"settings\"]}','r','',NULL,NULL,'2018-12-06 21:31:30','2018-12-10 19:06:50','00It4100001dxWQmliyTe','0001'),('01bYjd001g6lC01XGHObO','00It4100002dxWQmliyTe','01bYjd001f8mu01XGHObO','1','应用大厅获取发布的服务','listData:POST','{\"nece\":[],\"unece\":[\"query\",\"queryArray\",\"settings\"]}','r','',NULL,NULL,'2018-12-06 21:31:30','2018-12-10 19:06:50','00It4100001dxWQmliyTe','0001'),('01bYjd001gKty01XGHObO','00It4100002dxWQmliyTe','01bYjd001f8mu01XGHObO','1','根据id获取数据','getById:GET','{\"nece\":[\"id\"],\"unece\":[]}','r','',NULL,NULL,'2018-12-06 21:31:30','2018-12-10 19:06:50','00It4100001dxWQmliyTe','0001'),('01bYjd001gUyc01XGHObO','00It4100002dxWQmliyTe','01bYjd001f8mu01XGHObO','1','发布服务','publish:POST','{\"nece\":[\"csid\",\"name\"],\"unece\":[\"id\",\"description\"]}','','',NULL,NULL,'2018-12-06 21:31:30','2018-12-10 19:06:50','00It4100001dxWQmliyTe','0001'),('01bYjd001h2Tj01XGHObO','00It4100002dxWQmliyTe','01bYjd001f8mu01XGHObO','1','获取服务的套餐','listPackage:POST','{\"nece\":[],\"unece\":[\"query\",\"queryArray\",\"settings\"]}','r','',NULL,NULL,'2018-12-06 21:31:30','2018-12-10 19:06:50','00It4100001dxWQmliyTe','0001'),('01bYjd001hDDS01XGHObO','00It4100002dxWQmliyTe','01bYjd001f8mu01XGHObO','1','获取自身的服务用于发布','listTableForPublish:POST','{\"nece\":[],\"unece\":[\"query\",\"queryArray\",\"settings\"]}','r','用于发布',NULL,NULL,'2018-12-06 21:31:30','2018-12-10 19:06:50','00It4100001dxWQmliyTe','0001'),('01bYjd001iCys01XGHObO','00It4100002dxWQmliyTe','01bYjd001f8mu01XGHObO','1','下架服务','unpublish:POST','{\"nece\":[\"ocsid\"],\"unece\":[]}','','',NULL,NULL,'2018-12-06 21:31:30','2018-12-10 19:06:50','00It4100001dxWQmliyTe','0001'),('01bYjd001ip5m01XGHObO','00It4100002dxWQmliyTe','01bYjd001iKN701XGHObO','1','根据id设置remark备注','setRemarkById:POST','{\"nece\":[\"id\"],\"unece\":[\"remark\"]}','w','',NULL,NULL,'2018-12-06 21:31:30','2018-12-10 19:06:50','00It4100001dxWQmliyTe','0001'),('01bYjd001jUxm01XGHObO','00It4100002dxWQmliyTe','01bYjd001iKN701XGHObO','1','根据id修改数据','updateById:POST','{\"nece\":[],\"unece\":[]}','w','',NULL,NULL,'2018-12-06 21:31:30','2018-12-10 19:06:50','00It4100001dxWQmliyTe','0001'),('01bYjd001jpX901XGHObO','00It4100002dxWQmliyTe','01bYjd001iKN701XGHObO','1','批量获取数据','listTable:POST','{\"nece\":[],\"unece\":[\"query\",\"queryArray\",\"settings\"]}','r','',NULL,NULL,'2018-12-06 21:31:30','2018-12-10 19:06:50','00It4100001dxWQmliyTe','0001'),('01bYjd001jzmb01XGHObO','00It4100002dxWQmliyTe','01bYjd001iKN701XGHObO','1','根据id设置description描述','setDescriptionById:POST','{\"nece\":[\"id\"],\"unece\":[\"description\"]}','w','',NULL,NULL,'2018-12-06 21:31:30','2018-12-10 19:06:50','00It4100001dxWQmliyTe','0001'),('01bYjd001kfDs01XGHObO','00It4100002dxWQmliyTe','01bYjd001iKN701XGHObO','1','根据id获取数据','getById:GET','{\"nece\":[\"id\"],\"unece\":[]}','r','',NULL,NULL,'2018-12-06 21:31:30','2018-12-10 19:06:50','00It4100001dxWQmliyTe','0001'),('01bYjd001lVKZ01XGHObO','00It4100002dxWQmliyTe','01bYjd001iKN701XGHObO','1','添加数据','insert:POST','{\"nece\":[],\"unece\":[]}','w','',NULL,NULL,'2018-12-06 21:31:30','2018-12-10 19:06:50','00It4100001dxWQmliyTe','0001'),('01bYjd001mD_s01XGHObO','00It4100002dxWQmliyTe','01bYjd001iKN701XGHObO','1','根据id删除数据','deleteById:DELETE','{\"nece\":[\"id\"],\"unece\":[]}','w','',NULL,NULL,'2018-12-06 21:31:30','2018-12-10 19:06:50','00It4100001dxWQmliyTe','0001'),('01bYjd001mkxE01XGHObO','00It4100002dxWQmliyTe','01bYjd001iKN701XGHObO','1','批量获取数据map','listTableMap:POST','{\"nece\":[],\"unece\":[\"query\",\"queryArray\",\"settings\"]}','r','',NULL,NULL,'2018-12-06 21:31:30','2018-12-10 19:06:50','00It4100001dxWQmliyTe','0001'),('01bYjd001nnE101XGHObO','00It4100002dxWQmliyTe','01bYjd001n4tY01XGHObO','1','获取网页静态资源','static:GET','{\"nece\":[\"=*=\"],\"unece\":[]}','a:a','',NULL,NULL,'2018-12-06 21:31:30','2018-12-10 19:06:50','00It4100001dxWQmliyTe','0001'),('01bYjd001oen001XGHObO','00It4100002dxWQmliyTe','01bYjd001n4tY01XGHObO','1','模板资源的服务器端重定向',':GET','{\"nece\":[],\"unece\":[]}','u:u','访问格式:/servletContextPath/tpl/=*=/tplPath',NULL,NULL,'2018-12-06 21:31:30','2018-12-10 19:06:50','00It4100001dxWQmliyTe','0001'),('01bYjd001pdcB01XGHObO','00It4100002dxWQmliyTe','01bYjd001pOxv01XGHObO','1','获取角色可访问的接口函数','listFuns:GET','{\"nece\":[\"rid\",\"csid\"],\"unece\":[]}','','',NULL,NULL,'2018-12-06 21:31:30','2018-12-10 19:06:50','00It4100001dxWQmliyTe','0001'),('01bYjd001qNNx01XGHObO','00It4100002dxWQmliyTe','01bYjd001pOxv01XGHObO','1','保存角色可访问的接口函数','saveAccesses:POST','{\"nece\":[\"rid\",\"accesses\",\"csid\"],\"unece\":[]}','','',NULL,NULL,'2018-12-06 21:31:30','2018-12-10 19:06:50','00It4100001dxWQmliyTe','0001'),('01bYjd001qmx301XGHObO','00It4100002dxWQmliyTe','01bYjd001qWxs01XGHObO','1','根据id获取数据','getById:GET','{\"nece\":[\"id\"],\"unece\":[]}','r','',NULL,NULL,'2018-12-06 21:31:30','2018-12-10 19:06:50','00It4100001dxWQmliyTe','0001'),('01bYjd001rmR501XGHObO','00It4100002dxWQmliyTe','01bYjd001qWxs01XGHObO','1','批量获取数据','listTable:POST','{\"nece\":[],\"unece\":[\"query\",\"queryArray\",\"settings\"]}','r','',NULL,NULL,'2018-12-06 21:31:30','2018-12-10 19:06:50','00It4100001dxWQmliyTe','0001'),('01bYjd001sgXi01XGHObO','00It4100002dxWQmliyTe','01bYjd001qWxs01XGHObO','1','批量添加api','insertApis:POST','{\"nece\":[\"cpid\",\"caids\"],\"unece\":[]}','','',NULL,NULL,'2018-12-06 21:31:30','2018-12-10 19:06:50','00It4100001dxWQmliyTe','0001'),('01bYjd001sz6c01XGHObO','00It4100002dxWQmliyTe','01bYjd001qWxs01XGHObO','1','设置是否只允许直接调用','setOriginInvoke:PUT','{\"nece\":[\"cpaid\",\"oinvoke\"],\"unece\":[]}','','',NULL,NULL,'2018-12-06 21:31:30','2018-12-10 19:06:50','00It4100001dxWQmliyTe','0001'),('01bYjd001tDmi01XGHObO','00It4100002dxWQmliyTe','01bYjd001qWxs01XGHObO','1','根据id删除数据','deleteById:DELETE','{\"nece\":[\"id\"],\"unece\":[]}','w','',NULL,NULL,'2018-12-06 21:31:30','2018-12-10 19:06:50','00It4100001dxWQmliyTe','0001'),('01bYjd001tG2j01XGHObO','00It4100002dxWQmliyTe','01bYjd001qWxs01XGHObO','1','批量获取数据map','listTableMap:POST','{\"nece\":[],\"unece\":[\"query\",\"queryArray\",\"settings\"]}','r','',NULL,NULL,'2018-12-06 21:31:30','2018-12-10 19:06:50','00It4100001dxWQmliyTe','0001'),('01bYjd001uKei01XGHObO','00It4100002dxWQmliyTe','01bYjd001uCXO01XGHObO','1','得到获取的服务','listLinkService:POST','{\"nece\":[],\"unece\":[\"query\",\"queryArray\",\"settings\"]}','r','',NULL,NULL,'2018-12-06 21:31:30','2018-12-10 19:06:50','00It4100001dxWQmliyTe','0001'),('01bYjd001umle01XGHObO','00It4100002dxWQmliyTe','01bYjd001uCXO01XGHObO','1','批量获取数据','listTable:POST','{\"nece\":[],\"unece\":[\"query\",\"queryArray\",\"settings\"]}','r','',NULL,NULL,'2018-12-06 21:31:30','2018-12-10 19:06:50','00It4100001dxWQmliyTe','0001'),('01bYjd001uuse01XGHObO','00It4100002dxWQmliyTe','01bYjd001uCXO01XGHObO','1','移除服务','removeService:POST','{\"nece\":[\"sls_id\"],\"unece\":[]}','','',NULL,NULL,'2018-12-06 21:31:30','2018-12-10 19:06:50','00It4100001dxWQmliyTe','0001'),('01bYjd001uxE901XGHObO','00It4100002dxWQmliyTe','01bYjd001uCXO01XGHObO','1','获取服务','getService:POST','{\"nece\":[\"ocsid\",\"cpid\"],\"unece\":[\"id\",\"description\"]}','','',NULL,NULL,'2018-12-06 21:31:30','2018-12-10 19:06:50','00It4100001dxWQmliyTe','0001'),('01bYjd001vWn801XGHObO','00It4100002dxWQmliyTe','01bYjd001uCXO01XGHObO','1','根据id获取数据','getById:GET','{\"nece\":[\"id\"],\"unece\":[]}','r','',NULL,NULL,'2018-12-06 21:31:30','2018-12-10 19:06:50','00It4100001dxWQmliyTe','0001'),('01bYjd001w9ed01XGHObO','00It4100002dxWQmliyTe','01bYjd001uCXO01XGHObO','1','获取引用服务的api列表','listServiceApi:POST','{\"nece\":[\"sls_id\"],\"unece\":[\"query\",\"queryArray\",\"settings\"]}','r','',NULL,NULL,'2018-12-06 21:31:30','2018-12-10 19:06:50','00It4100001dxWQmliyTe','0001'),('01bYjd001x3ER01XGHObO','00It4100002dxWQmliyTe','01bYjd001uCXO01XGHObO','1','批量获取数据map','listTableMap:POST','{\"nece\":[],\"unece\":[\"query\",\"queryArray\",\"settings\"]}','r','',NULL,NULL,'2018-12-06 21:31:30','2018-12-10 19:06:50','00It4100001dxWQmliyTe','0001'),('01bYjd001yJOR01XGHObO','00It4100002dxWQmliyTe','01bYjd001xjp901XGHObO','1','保存角色可访问的菜单','saveRoleMenuItems:POST','{\"nece\":[\"rid\",\"miids\",\"mid\"],\"unece\":[]}','','',NULL,NULL,'2018-12-06 21:31:30','2018-12-10 19:06:50','00It4100001dxWQmliyTe','0001'),('01bYjd001yM7o01XGHObO','00It4100002dxWQmliyTe','01bYjd001xjp901XGHObO','1','获取角色可访问的菜单','listMenus:GET','{\"nece\":[\"rid\",\"mid\"],\"unece\":[]}','r','',NULL,NULL,'2018-12-06 21:31:30','2018-12-10 19:06:50','00It4100001dxWQmliyTe','0001'),('01bYjd001z7mY01XGHObO','00It4100002dxWQmliyTe','01bYjd001yQ1j01XGHObO','1','用户登陆','signIn:POST','{\"nece\":[\"login\",\"psw\"],\"unece\":[]}','a:a','',NULL,NULL,'2018-12-06 21:31:30','2018-12-10 19:06:50','00It4100001dxWQmliyTe','0001'),('01bYjd001zWtb01XGHObO','00It4100002dxWQmliyTe','01bYjd001yQ1j01XGHObO','1','修改个人信息','updateMineInfo:POST','{\"nece\":[\"name\",\"sex\"],\"unece\":[\"head\"]}','w:u','',NULL,NULL,'2018-12-06 21:31:30','2018-12-10 19:06:50','00It4100001dxWQmliyTe','0001'),('01bYjd001zy6501XGHObO','00It4100002dxWQmliyTe','01bYjd001yQ1j01XGHObO','1','登出','signOut:POST','{\"nece\":[],\"unece\":[]}','a:a','',NULL,NULL,'2018-12-06 21:31:30','2018-12-10 19:06:50','00It4100001dxWQmliyTe','0001'),('01bYjd0020rMT01XGHObO','00It4100002dxWQmliyTe','01bYjd001yQ1j01XGHObO','1','登陆验证码','signInPatchca:GET','{\"nece\":[],\"unece\":[]}','a:a','',NULL,NULL,'2018-12-06 21:31:30','2018-12-10 19:06:50','00It4100001dxWQmliyTe','0001'),('01bYjd0021O7z01XGHObO','00It4100002dxWQmliyTe','01bYjd001yQ1j01XGHObO','1','注册验证码','signUpPatchca:GET','{\"nece\":[],\"unece\":[]}','a:a','',NULL,NULL,'2018-12-06 21:31:30','2018-12-10 19:06:50','00It4100001dxWQmliyTe','0001'),('01bYjd0021aSo01XGHObO','00It4100002dxWQmliyTe','01bYjd001yQ1j01XGHObO','1','修改个人密码','updateMinePsw:POST','{\"nece\":[\"psw\",\"newPsw\"],\"unece\":[]}','u:u','',NULL,NULL,'2018-12-06 21:31:30','2018-12-10 19:06:50','00It4100001dxWQmliyTe','0001'),('01bYjd0022AP301XGHObO','00It4100002dxWQmliyTe','01bYjd001yQ1j01XGHObO','1','用户注册','signUp:POST','{\"nece\":[\"name\",\"sex\"],\"unece\":[\"head\",\"login\",\"psw\",\"id\",\"description\"]}','a:a','',NULL,NULL,'2018-12-06 21:31:30','2018-12-10 19:06:50','00It4100001dxWQmliyTe','0001'),('01bYjd0022So901XGHObO','00It4100002dxWQmliyTe','01bYjd0022BU_01XGHObO','1','获取srvid','getSrvidByAppid:GET','{\"nece\":[],\"unece\":[]}',':a','获取的是服务自身的数据',NULL,NULL,'2018-12-06 21:31:30','2018-12-10 19:06:50','00It4100001dxWQmliyTe','0001'),('01bYjd0022htt01XGHObO','00It4100002dxWQmliyTe','01bYjd0022BU_01XGHObO','1','获取菜单数据','listMenu:GET','{\"nece\":[\"menu_id\",\"rids\",\"is_admin\"],\"unece\":[]}',':a','获取的是服务自身的数据',NULL,NULL,'2018-12-06 21:31:30','2018-12-10 19:06:50','00It4100001dxWQmliyTe','0001'),('01bYjd0023QNn01XGHObO','00It4100002dxWQmliyTe','01bYjd0022BU_01XGHObO','1','获取角色权限数据','listAccess:GET','{\"nece\":[\"rids\",\"is_admin\"],\"unece\":[\"opContext\"]}',':a','获取的是服务自身的数据',NULL,NULL,'2018-12-06 21:31:30','2018-12-10 19:06:50','00It4100001dxWQmliyTe','0001'),('01bYjd0023kSi01XGHObO','00It4100002dxWQmliyTe','01bYjd0023UjU01XGHObO','1','根据id获取数据','getById:GET','{\"nece\":[\"id\"],\"unece\":[]}','r','',NULL,NULL,'2018-12-06 21:31:30','2018-12-10 19:06:50','00It4100001dxWQmliyTe','0001'),('01bYjd0024_ij01XGHObO','00It4100002dxWQmliyTe','01bYjd0023UjU01XGHObO','1','批量获取数据','listTable:POST','{\"nece\":[],\"unece\":[\"query\",\"queryArray\",\"settings\"]}','r','',NULL,NULL,'2018-12-06 21:31:30','2018-12-10 19:06:50','00It4100001dxWQmliyTe','0001'),('01bYjd0024ccv01XGHObO','00It4100002dxWQmliyTe','01bYjd0023UjU01XGHObO','1','添加引用服务','addLink:POST','{\"nece\":[\"said\",\"slsids\"],\"unece\":[]}','','',NULL,NULL,'2018-12-06 21:31:30','2018-12-10 19:06:50','00It4100001dxWQmliyTe','0001'),('01bYjd002528401XGHObO','00It4100002dxWQmliyTe','01bYjd0023UjU01XGHObO','1','根据id删除数据','deleteById:DELETE','{\"nece\":[\"id\"],\"unece\":[]}','w','',NULL,NULL,'2018-12-06 21:31:30','2018-12-10 19:06:50','00It4100001dxWQmliyTe','0001'),('01bYjd0025T0g01XGHObO','00It4100002dxWQmliyTe','01bYjd0023UjU01XGHObO','1','批量获取数据map','listTableMap:POST','{\"nece\":[],\"unece\":[\"query\",\"queryArray\",\"settings\"]}','r','',NULL,NULL,'2018-12-06 21:31:30','2018-12-10 19:06:50','00It4100001dxWQmliyTe','0001'),('01bYjd0025qdW01XGHObO','00It4100002dxWQmliyTe','01bYjd0023UjU01XGHObO','1','添加自身服务','addSelf:POST','{\"nece\":[\"said\",\"csids\"],\"unece\":[]}','','',NULL,NULL,'2018-12-06 21:31:30','2018-12-10 19:06:50','00It4100001dxWQmliyTe','0001'),('01b_Xq0006ObO01XGHObO','00It4100002dxWQmliyTe','01bYjd001_fEG01XGHObO','1','移除某服务商的服务引用','removeServiceFromServer:POST','{\"nece\":[\"to_srvid\",\"csid\"],\"unece\":[]}','','',NULL,NULL,'2018-12-06 23:33:20','2018-12-10 19:06:50','00It4100001dxWQmliyTe','0001'),('01b_Xq0006wNV01XGHObO','00It4100002dxWQmliyTe','01bYjd001_fEG01XGHObO','1','给某服务商添加服务引用','addOpenService2Server:POST','{\"nece\":[\"to_srvid\",\"ocsid\",\"cpid\"],\"unece\":[]}','','',NULL,NULL,'2018-12-06 23:33:20','2018-12-10 19:06:50','00It4100001dxWQmliyTe','0001'),('01biLP000NSCt01XGHObO','01bYjd003LCK201XGHObO','01biLP000Mg9K01XGHObO','1','查询个人信息','get:GET','{\"nece\":[],\"unece\":[]}','','',NULL,NULL,'2018-12-07 09:19:38','2018-12-10 17:34:20','01b_s_003EUiT01XGHObO','000100010002'),('01biLP000NkyJ01XGHObO','01bYjd003LCK201XGHObO','01biLP000Mg9K01XGHObO','1','同意加入/拒绝加入','join:POST','{\"nece\":[],\"unece\":[]}','','',NULL,NULL,'2018-12-07 09:19:38','2018-12-10 17:34:20','01b_s_003EUiT01XGHObO','000100010002'),('01biLP000OHRt01XGHObO','01bYjd003LCK201XGHObO','01biLP000Mg9K01XGHObO','1','申请加入组','apply:GET','{\"nece\":[],\"unece\":[]}','','',NULL,NULL,'2018-12-07 09:19:38','2018-12-10 17:34:20','01b_s_003EUiT01XGHObO','000100010002'),('01biLP000Ou_c01XGHObO','01bYjd003LCK201XGHObO','01biLP000Mg9K01XGHObO','1','搜索学生信息','search:POST','{\"nece\":[],\"unece\":[]}','','',NULL,NULL,'2018-12-07 09:19:38','2018-12-10 17:34:20','01b_s_003EUiT01XGHObO','000100010002'),('01biLP000PYOk01XGHObO','01bYjd003LCK201XGHObO','01biLP000Mg9K01XGHObO','1','学生详情','detail:POST','{\"nece\":[],\"unece\":[]}','','',NULL,NULL,'2018-12-07 09:19:38','2018-12-10 17:34:20','01b_s_003EUiT01XGHObO','000100010002'),('01biLP000Pqub01XGHObO','01bYjd003LCK201XGHObO','01biLP000Mg9K01XGHObO','1','保存学生信息','saveStu:POST','{\"nece\":[],\"unece\":[]}','','添加或修改',NULL,NULL,'2018-12-07 09:19:38','2018-12-10 17:34:20','01b_s_003EUiT01XGHObO','000100010002'),('01biLP000QiCw01XGHObO','01bYjd003LCK201XGHObO','01biLP000Mg9K01XGHObO','1','保存','save:POST','{\"nece\":[],\"unece\":[]}','','添加或修改',NULL,NULL,'2018-12-07 09:19:38','2018-12-10 17:34:20','01b_s_003EUiT01XGHObO','000100010002'),('01biLP000RHZn01XGHObO','01bYjd003LCK201XGHObO','01biLP000Mg9K01XGHObO','1','根据id删除','deleteById:DELETE','{\"nece\":[],\"unece\":[]}','','',NULL,NULL,'2018-12-07 09:19:38','2018-12-10 17:34:20','01b_s_003EUiT01XGHObO','000100010002'),('01biLP000S8AP01XGHObO','01bYjd003LCK201XGHObO','01biLP000Mg9K01XGHObO','1','根据id获取数据','getById:GET','{\"nece\":[],\"unece\":[]}','','',NULL,NULL,'2018-12-07 09:19:38','2018-12-10 17:34:20','01b_s_003EUiT01XGHObO','000100010002'),('01biLP000Smx801XGHObO','01bYjd003LCK201XGHObO','01biLP000Mg9K01XGHObO','1','列出表格数据','listTable:POST','{\"nece\":[],\"unece\":[]}','','',NULL,NULL,'2018-12-07 09:19:38','2018-12-10 17:34:20','01b_s_003EUiT01XGHObO','000100010002'),('01biLP000TnEQ01XGHObO','01bYjd003LCK201XGHObO','01biLP000Tit501XGHObO','1','查询辅导组列表','listAll:GET','{\"nece\":[],\"unece\":[]}','','',NULL,NULL,'2018-12-07 09:19:38','2018-12-10 17:34:20','01b_s_003EUiT01XGHObO','000100010002'),('01biLP000UiMW01XGHObO','01bYjd003LCK201XGHObO','01biLP000Tit501XGHObO','1','分组人员信息','listMember:GET','{\"nece\":[],\"unece\":[]}','','',NULL,NULL,'2018-12-07 09:19:38','2018-12-10 17:34:20','01b_s_003EUiT01XGHObO','000100010002'),('01biLP000V4VY01XGHObO','01bYjd003LCK201XGHObO','01biLP000Tit501XGHObO','1','学生首页分组成员','stuMemberHome:GET','{\"nece\":[],\"unece\":[]}','','',NULL,NULL,'2018-12-07 09:19:38','2018-12-10 17:34:20','01b_s_003EUiT01XGHObO','000100010002'),('01biLP000Vxk601XGHObO','01bYjd003LCK201XGHObO','01biLP000Tit501XGHObO','1','根据id删除','deleteById:DELETE','{\"nece\":[],\"unece\":[]}','','',NULL,NULL,'2018-12-07 09:19:38','2018-12-10 17:34:20','01b_s_003EUiT01XGHObO','000100010002'),('01biLP000W2Zb01XGHObO','01bYjd003LCK201XGHObO','01biLP000Tit501XGHObO','1','根据id获取数据','getById:GET','{\"nece\":[],\"unece\":[]}','','',NULL,NULL,'2018-12-07 09:19:38','2018-12-10 17:34:20','01b_s_003EUiT01XGHObO','000100010002'),('01biLP000WN8S01XGHObO','01bYjd003LCK201XGHObO','01biLP000Tit501XGHObO','1','列出表格数据','listTable:POST','{\"nece\":[],\"unece\":[]}','','',NULL,NULL,'2018-12-07 09:19:38','2018-12-10 17:34:20','01b_s_003EUiT01XGHObO','000100010002'),('01biLP000XBlj01XGHObO','01bYjd003LCK201XGHObO','01biLP000Wto501XGHObO','1','导入Excel','importExcel:POST','{\"nece\":[],\"unece\":[]}','','',NULL,NULL,'2018-12-07 09:19:38','2018-12-10 17:34:20','01b_s_003EUiT01XGHObO','000100010002'),('01biLP000XZFt01XGHObO','01bYjd003LCK201XGHObO','01biLP000Wto501XGHObO','1','保存','save:POST','{\"nece\":[],\"unece\":[]}','','添加或修改',NULL,NULL,'2018-12-07 09:19:38','2018-12-10 17:34:20','01b_s_003EUiT01XGHObO','000100010002'),('01biLP000XpFx01XGHObO','01bYjd003LCK201XGHObO','01biLP000Wto501XGHObO','1','根据id删除','deleteById:DELETE','{\"nece\":[],\"unece\":[]}','','',NULL,NULL,'2018-12-07 09:19:38','2018-12-10 17:34:20','01b_s_003EUiT01XGHObO','000100010002'),('01biLP000XqjJ01XGHObO','01bYjd003LCK201XGHObO','01biLP000Wto501XGHObO','1','根据id获取数据','getById:GET','{\"nece\":[],\"unece\":[]}','','',NULL,NULL,'2018-12-07 09:19:38','2018-12-10 17:34:20','01b_s_003EUiT01XGHObO','000100010002'),('01biLP000XyLb01XGHObO','01bYjd003LCK201XGHObO','01biLP000Wto501XGHObO','1','列出表格数据','listTable:POST','{\"nece\":[],\"unece\":[]}','','',NULL,NULL,'2018-12-07 09:19:38','2018-12-10 17:34:20','01b_s_003EUiT01XGHObO','000100010002'),('01biLP000ZAoU01XGHObO','01bYjd003LCK201XGHObO','01biLP000YPI601XGHObO','1','保存','save:POST','{\"nece\":[],\"unece\":[]}','','添加或修改',NULL,NULL,'2018-12-07 09:19:38','2018-12-10 17:34:20','01b_s_003EUiT01XGHObO','000100010002'),('01biLP000ZR3O01XGHObO','01bYjd003LCK201XGHObO','01biLP000YPI601XGHObO','1','根据id删除','deleteById:DELETE','{\"nece\":[],\"unece\":[]}','','',NULL,NULL,'2018-12-07 09:19:38','2018-12-10 17:34:20','01b_s_003EUiT01XGHObO','000100010002'),('01biLP000Zca301XGHObO','01bYjd003LCK201XGHObO','01biLP000YPI601XGHObO','1','根据id获取数据','getById:GET','{\"nece\":[],\"unece\":[]}','','',NULL,NULL,'2018-12-07 09:19:38','2018-12-10 17:34:20','01b_s_003EUiT01XGHObO','000100010002'),('01biLP000_Kf_01XGHObO','01bYjd003LCK201XGHObO','01biLP000YPI601XGHObO','1','列出表格数据','listTable:POST','{\"nece\":[],\"unece\":[]}','','',NULL,NULL,'2018-12-07 09:19:38','2018-12-10 17:34:20','01b_s_003EUiT01XGHObO','000100010002'),('01biLP000a81i01XGHObO','01bYjd003LCK201XGHObO','01biLP000_Rfj01XGHObO','1','导入Excel','importExcel:POST','{\"nece\":[],\"unece\":[]}','','',NULL,NULL,'2018-12-07 09:19:38','2018-12-10 17:34:20','01b_s_003EUiT01XGHObO','000100010002'),('01biLP000asot01XGHObO','01bYjd003LCK201XGHObO','01biLP000_Rfj01XGHObO','1','保存','save:POST','{\"nece\":[],\"unece\":[]}','','添加或修改',NULL,NULL,'2018-12-07 09:19:38','2018-12-10 17:34:20','01b_s_003EUiT01XGHObO','000100010002'),('01biLP000bOgT01XGHObO','01bYjd003LCK201XGHObO','01biLP000_Rfj01XGHObO','1','根据id删除','deleteById:DELETE','{\"nece\":[],\"unece\":[]}','','',NULL,NULL,'2018-12-07 09:19:38','2018-12-10 17:34:20','01b_s_003EUiT01XGHObO','000100010002'),('01biLP000b_tM01XGHObO','01bYjd003LCK201XGHObO','01biLP000_Rfj01XGHObO','1','根据id获取数据','getById:GET','{\"nece\":[],\"unece\":[]}','','',NULL,NULL,'2018-12-07 09:19:38','2018-12-10 17:34:20','01b_s_003EUiT01XGHObO','000100010002'),('01biLP000cAJl01XGHObO','01bYjd003LCK201XGHObO','01biLP000_Rfj01XGHObO','1','列出表格数据','listTable:POST','{\"nece\":[],\"unece\":[]}','','',NULL,NULL,'2018-12-07 09:19:38','2018-12-10 17:34:20','01b_s_003EUiT01XGHObO','000100010002'),('01biLP000dj9y01XGHObO','01bYjd003LCK201XGHObO','01biLP000cjbm01XGHObO','1','查询所有数据','listAll:GET','{\"nece\":[],\"unece\":[]}','','',NULL,NULL,'2018-12-07 09:19:39','2018-12-10 17:34:20','01b_s_003EUiT01XGHObO','000100010002'),('01biLP000dwWh01XGHObO','01bYjd003LCK201XGHObO','01biLP000cjbm01XGHObO','1','保存','save:POST','{\"nece\":[],\"unece\":[]}','','添加或修改',NULL,NULL,'2018-12-07 09:19:39','2018-12-10 17:34:20','01b_s_003EUiT01XGHObO','000100010002'),('01biLP000dxEN01XGHObO','01bYjd003LCK201XGHObO','01biLP000cjbm01XGHObO','1','根据id删除','deleteById:DELETE','{\"nece\":[],\"unece\":[]}','','',NULL,NULL,'2018-12-07 09:19:39','2018-12-10 17:34:20','01b_s_003EUiT01XGHObO','000100010002'),('01biLP000ecNe01XGHObO','01bYjd003LCK201XGHObO','01biLP000cjbm01XGHObO','1','根据id获取数据','getById:GET','{\"nece\":[],\"unece\":[]}','','',NULL,NULL,'2018-12-07 09:19:39','2018-12-10 17:34:20','01b_s_003EUiT01XGHObO','000100010002'),('01biLP000ezpT01XGHObO','01bYjd003LCK201XGHObO','01biLP000cjbm01XGHObO','1','列出表格数据','listTable:POST','{\"nece\":[],\"unece\":[]}','','',NULL,NULL,'2018-12-07 09:19:39','2018-12-10 17:34:20','01b_s_003EUiT01XGHObO','000100010002'),('01biLP000frEZ01XGHObO','01bYjd003LCK201XGHObO','01biLP000feTd01XGHObO','1','查询个人信息','get:GET','{\"nece\":[],\"unece\":[]}','','',NULL,NULL,'2018-12-07 09:19:39','2018-12-10 17:34:20','01b_s_003EUiT01XGHObO','000100010002'),('01biLP000gPgM01XGHObO','01bYjd003LCK201XGHObO','01biLP000feTd01XGHObO','1','同意加入/拒绝加入','join:POST','{\"nece\":[],\"unece\":[]}','','',NULL,NULL,'2018-12-07 09:19:39','2018-12-10 17:34:20','01b_s_003EUiT01XGHObO','000100010002'),('01biLP000gikr01XGHObO','01bYjd003LCK201XGHObO','01biLP000feTd01XGHObO','1','搜索教师信息','search:POST','{\"nece\":[],\"unece\":[]}','','',NULL,NULL,'2018-12-07 09:19:39','2018-12-10 17:34:20','01b_s_003EUiT01XGHObO','000100010002'),('01biLP000hYpO01XGHObO','01bYjd003LCK201XGHObO','01biLP000feTd01XGHObO','1','教师详情','detail:POST','{\"nece\":[],\"unece\":[]}','','',NULL,NULL,'2018-12-07 09:19:39','2018-12-10 17:34:20','01b_s_003EUiT01XGHObO','000100010002'),('01biLP000hYzX01XGHObO','01bYjd003LCK201XGHObO','01biLP000feTd01XGHObO','1','邀请学生','invitationStu:POST','{\"nece\":[],\"unece\":[]}','','',NULL,NULL,'2018-12-07 09:19:39','2018-12-10 17:34:20','01b_s_003EUiT01XGHObO','000100010002'),('01biLP000hgz701XGHObO','01bYjd003LCK201XGHObO','01biLP000feTd01XGHObO','1','保存教师信息','saveTeacher:POST','{\"nece\":[],\"unece\":[]}','','添加或修改',NULL,NULL,'2018-12-07 09:19:39','2018-12-10 17:34:20','01b_s_003EUiT01XGHObO','000100010002'),('01biLP000ibS501XGHObO','01bYjd003LCK201XGHObO','01biLP000feTd01XGHObO','1','保存','save:POST','{\"nece\":[],\"unece\":[]}','','添加或修改',NULL,NULL,'2018-12-07 09:19:39','2018-12-10 17:34:20','01b_s_003EUiT01XGHObO','000100010002'),('01biLP000jGFc01XGHObO','01bYjd003LCK201XGHObO','01biLP000feTd01XGHObO','1','根据id删除','deleteById:DELETE','{\"nece\":[],\"unece\":[]}','','',NULL,NULL,'2018-12-07 09:19:39','2018-12-10 17:34:20','01b_s_003EUiT01XGHObO','000100010002'),('01biLP000jTqT01XGHObO','01bYjd003LCK201XGHObO','01biLP000feTd01XGHObO','1','根据id获取数据','getById:GET','{\"nece\":[],\"unece\":[]}','','',NULL,NULL,'2018-12-07 09:19:39','2018-12-10 17:34:20','01b_s_003EUiT01XGHObO','000100010002'),('01biLP000jczv01XGHObO','01bYjd003LCK201XGHObO','01biLP000feTd01XGHObO','1','列出表格数据','listTable:POST','{\"nece\":[],\"unece\":[]}','','',NULL,NULL,'2018-12-07 09:19:39','2018-12-10 17:34:20','01b_s_003EUiT01XGHObO','000100010002'),('01cs9i000Bqla01XGHObO','01bYjd003LCK201XGHObO','01biLP000Mg9K01XGHObO','1','取消申请','cancelJoin:POST','{\"nece\":[],\"unece\":[]}','','',NULL,NULL,'2018-12-10 17:34:20','2018-12-10 17:34:20','01bYjd003Impl01XGHObO','000100010002'),('01cs9i000CZkj01XGHObO','01bYjd003LCK201XGHObO','01biLP000Tit501XGHObO','1','保存','save:POST','{\"nece\":[],\"unece\":[]}','','添加或修改',NULL,NULL,'2018-12-10 17:34:20','2018-12-10 17:34:20','01bYjd003Impl01XGHObO','000100010002'),('01cs9i000DKg801XGHObO','01bYjd003LCK201XGHObO','01cs9i000Caxx01XGHObO','1','获取图片','get:GET','{\"nece\":[],\"unece\":[]}','','',NULL,NULL,'2018-12-10 17:34:20','2018-12-10 17:34:20','01bYjd003Impl01XGHObO','000100010002'),('01ctQ3000DYCv01XGHObO','01bYjd003LCK201XGHObO','01ctQ3000Ce2J01XGHObO','1','保存学生信息','saveStu:POST','{\"nece\":[],\"unece\":[]}','','添加或修改',NULL,NULL,'2018-12-10 19:05:44','2018-12-10 19:05:44','01bYjd003Impl01XGHObO','000100010002'),('01ctQ3000ENa401XGHObO','01bYjd003LCK201XGHObO','01ctQ3000Ce2J01XGHObO','1','学生详情','detail:POST','{\"nece\":[],\"unece\":[]}','','',NULL,NULL,'2018-12-10 19:05:44','2018-12-10 19:05:44','01bYjd003Impl01XGHObO','000100010002'),('01ctQ3000ErmI01XGHObO','01bYjd003LCK201XGHObO','01ctQ3000Ce2J01XGHObO','1','取消申请','cancelJoin:POST','{\"nece\":[],\"unece\":[]}','','',NULL,NULL,'2018-12-10 19:05:44','2018-12-10 19:05:44','01bYjd003Impl01XGHObO','000100010002'),('01ctQ3000FV5p01XGHObO','01bYjd003LCK201XGHObO','01ctQ3000Ce2J01XGHObO','1','查询个人信息','get:GET','{\"nece\":[],\"unece\":[]}','','',NULL,NULL,'2018-12-10 19:05:44','2018-12-10 19:05:44','01bYjd003Impl01XGHObO','000100010002'),('01ctQ3000GUJs01XGHObO','01bYjd003LCK201XGHObO','01ctQ3000Ce2J01XGHObO','1','同意加入/拒绝加入','join:POST','{\"nece\":[],\"unece\":[]}','','',NULL,NULL,'2018-12-10 19:05:44','2018-12-10 19:05:44','01bYjd003Impl01XGHObO','000100010002'),('01ctQ3000HJsK01XGHObO','01bYjd003LCK201XGHObO','01ctQ3000Ce2J01XGHObO','1','申请加入组','apply:GET','{\"nece\":[],\"unece\":[]}','','',NULL,NULL,'2018-12-10 19:05:44','2018-12-10 19:05:44','01bYjd003Impl01XGHObO','000100010002'),('01ctQ3000II4Y01XGHObO','01bYjd003LCK201XGHObO','01ctQ3000Ce2J01XGHObO','1','搜索学生信息','search:POST','{\"nece\":[],\"unece\":[]}','','',NULL,NULL,'2018-12-10 19:05:44','2018-12-10 19:05:44','01bYjd003Impl01XGHObO','000100010002'),('01ctQ3000IgXy01XGHObO','01bYjd003LCK201XGHObO','01ctQ3000Ce2J01XGHObO','1','根据id获取数据','getById:GET','{\"nece\":[],\"unece\":[]}','','',NULL,NULL,'2018-12-10 19:05:44','2018-12-10 19:05:44','01bYjd003Impl01XGHObO','000100010002'),('01ctQ3000JJf001XGHObO','01bYjd003LCK201XGHObO','01ctQ3000Ce2J01XGHObO','1','根据id删除','deleteById:DELETE','{\"nece\":[],\"unece\":[]}','','',NULL,NULL,'2018-12-10 19:05:44','2018-12-10 19:05:44','01bYjd003Impl01XGHObO','000100010002'),('01ctQ3000JWcn01XGHObO','01bYjd003LCK201XGHObO','01ctQ3000Ce2J01XGHObO','1','列出表格数据','listTable:POST','{\"nece\":[],\"unece\":[]}','','',NULL,NULL,'2018-12-10 19:05:44','2018-12-10 19:05:44','01bYjd003Impl01XGHObO','000100010002'),('01ctQ3000K8q401XGHObO','01bYjd003LCK201XGHObO','01ctQ3000Ce2J01XGHObO','1','保存','save:POST','{\"nece\":[],\"unece\":[]}','','添加或修改',NULL,NULL,'2018-12-10 19:05:44','2018-12-10 19:05:44','01bYjd003Impl01XGHObO','000100010002'),('01ctQ3000KU5n01XGHObO','01bYjd003LCK201XGHObO','01ctQ3000KBfi01XGHObO','1','查询辅导组列表','listAll:GET','{\"nece\":[],\"unece\":[]}','','',NULL,NULL,'2018-12-10 19:05:44','2018-12-10 19:05:44','01bYjd003Impl01XGHObO','000100010002'),('01ctQ3000LPe201XGHObO','01bYjd003LCK201XGHObO','01ctQ3000KBfi01XGHObO','1','分组人员信息','listMember:GET','{\"nece\":[],\"unece\":[]}','','',NULL,NULL,'2018-12-10 19:05:44','2018-12-10 19:05:44','01bYjd003Impl01XGHObO','000100010002'),('01ctQ3000LmjT01XGHObO','01bYjd003LCK201XGHObO','01ctQ3000KBfi01XGHObO','1','学生首页分组成员','stuMemberHome:GET','{\"nece\":[],\"unece\":[]}','','',NULL,NULL,'2018-12-10 19:05:44','2018-12-10 19:05:44','01bYjd003Impl01XGHObO','000100010002'),('01ctQ3000M8LC01XGHObO','01bYjd003LCK201XGHObO','01ctQ3000KBfi01XGHObO','1','保存','save:POST','{\"nece\":[],\"unece\":[]}','','添加或修改',NULL,NULL,'2018-12-10 19:05:44','2018-12-10 19:05:44','01bYjd003Impl01XGHObO','000100010002'),('01ctQ3000MjFn01XGHObO','01bYjd003LCK201XGHObO','01ctQ3000KBfi01XGHObO','1','根据id获取数据','getById:GET','{\"nece\":[],\"unece\":[]}','','',NULL,NULL,'2018-12-10 19:05:44','2018-12-10 19:05:44','01bYjd003Impl01XGHObO','000100010002'),('01ctQ3000Nc8Q01XGHObO','01bYjd003LCK201XGHObO','01ctQ3000KBfi01XGHObO','1','根据id删除','deleteById:DELETE','{\"nece\":[],\"unece\":[]}','','',NULL,NULL,'2018-12-10 19:05:44','2018-12-10 19:05:44','01bYjd003Impl01XGHObO','000100010002'),('01ctQ3000OHzz01XGHObO','01bYjd003LCK201XGHObO','01ctQ3000KBfi01XGHObO','1','列出表格数据','listTable:POST','{\"nece\":[],\"unece\":[]}','','',NULL,NULL,'2018-12-10 19:05:44','2018-12-10 19:05:44','01bYjd003Impl01XGHObO','000100010002'),('01ctQ3000PZOR01XGHObO','01bYjd003LCK201XGHObO','01ctQ3000OuNc01XGHObO','1','导入Excel','importExcel:POST','{\"nece\":[],\"unece\":[]}','','',NULL,NULL,'2018-12-10 19:05:44','2018-12-10 19:05:44','01bYjd003Impl01XGHObO','000100010002'),('01ctQ3000QJ_c01XGHObO','01bYjd003LCK201XGHObO','01ctQ3000OuNc01XGHObO','1','根据id获取数据','getById:GET','{\"nece\":[],\"unece\":[]}','','',NULL,NULL,'2018-12-10 19:05:44','2018-12-10 19:05:44','01bYjd003Impl01XGHObO','000100010002'),('01ctQ3000R9Td01XGHObO','01bYjd003LCK201XGHObO','01ctQ3000OuNc01XGHObO','1','根据id删除','deleteById:DELETE','{\"nece\":[],\"unece\":[]}','','',NULL,NULL,'2018-12-10 19:05:44','2018-12-10 19:05:44','01bYjd003Impl01XGHObO','000100010002'),('01ctQ3000RFUt01XGHObO','01bYjd003LCK201XGHObO','01ctQ3000OuNc01XGHObO','1','列出表格数据','listTable:POST','{\"nece\":[],\"unece\":[]}','','',NULL,NULL,'2018-12-10 19:05:44','2018-12-10 19:05:44','01bYjd003Impl01XGHObO','000100010002'),('01ctQ3000RuCj01XGHObO','01bYjd003LCK201XGHObO','01ctQ3000OuNc01XGHObO','1','保存','save:POST','{\"nece\":[],\"unece\":[]}','','添加或修改',NULL,NULL,'2018-12-10 19:05:44','2018-12-10 19:05:44','01bYjd003Impl01XGHObO','000100010002'),('01ctQ3000Smu601XGHObO','01bYjd003LCK201XGHObO','01ctQ3000S5Oy01XGHObO','1','获取图片','get:GET','{\"nece\":[],\"unece\":[]}','','',NULL,NULL,'2018-12-10 19:05:44','2018-12-10 19:05:44','01bYjd003Impl01XGHObO','000100010002'),('01ctQ3000UEBe01XGHObO','01bYjd003LCK201XGHObO','01ctQ3000TWN301XGHObO','1','根据id获取数据','getById:GET','{\"nece\":[],\"unece\":[]}','','',NULL,NULL,'2018-12-10 19:05:44','2018-12-10 19:05:44','01bYjd003Impl01XGHObO','000100010002'),('01ctQ3000Usmc01XGHObO','01bYjd003LCK201XGHObO','01ctQ3000TWN301XGHObO','1','根据id删除','deleteById:DELETE','{\"nece\":[],\"unece\":[]}','','',NULL,NULL,'2018-12-10 19:05:44','2018-12-10 19:05:44','01bYjd003Impl01XGHObO','000100010002'),('01ctQ3000VSJ_01XGHObO','01bYjd003LCK201XGHObO','01ctQ3000TWN301XGHObO','1','列出表格数据','listTable:POST','{\"nece\":[],\"unece\":[]}','','',NULL,NULL,'2018-12-10 19:05:44','2018-12-10 19:05:44','01bYjd003Impl01XGHObO','000100010002'),('01ctQ3000WGz_01XGHObO','01bYjd003LCK201XGHObO','01ctQ3000TWN301XGHObO','1','保存','save:POST','{\"nece\":[],\"unece\":[]}','','添加或修改',NULL,NULL,'2018-12-10 19:05:44','2018-12-10 19:05:44','01bYjd003Impl01XGHObO','000100010002'),('01ctQ3000Wkvq01XGHObO','01bYjd003LCK201XGHObO','01ctQ3000WcBD01XGHObO','1','导入Excel','importExcel:POST','{\"nece\":[],\"unece\":[]}','','',NULL,NULL,'2018-12-10 19:05:44','2018-12-10 19:05:44','01bYjd003Impl01XGHObO','000100010002'),('01ctQ3000XJps01XGHObO','01bYjd003LCK201XGHObO','01ctQ3000WcBD01XGHObO','1','根据id获取数据','getById:GET','{\"nece\":[],\"unece\":[]}','','',NULL,NULL,'2018-12-10 19:05:44','2018-12-10 19:05:44','01bYjd003Impl01XGHObO','000100010002'),('01ctQ3000XMOF01XGHObO','01bYjd003LCK201XGHObO','01ctQ3000WcBD01XGHObO','1','根据id删除','deleteById:DELETE','{\"nece\":[],\"unece\":[]}','','',NULL,NULL,'2018-12-10 19:05:44','2018-12-10 19:05:44','01bYjd003Impl01XGHObO','000100010002'),('01ctQ3000XuQs01XGHObO','01bYjd003LCK201XGHObO','01ctQ3000WcBD01XGHObO','1','列出表格数据','listTable:POST','{\"nece\":[],\"unece\":[]}','','',NULL,NULL,'2018-12-10 19:05:44','2018-12-10 19:05:44','01bYjd003Impl01XGHObO','000100010002'),('01ctQ3000YXVy01XGHObO','01bYjd003LCK201XGHObO','01ctQ3000WcBD01XGHObO','1','保存','save:POST','{\"nece\":[],\"unece\":[]}','','添加或修改',NULL,NULL,'2018-12-10 19:05:44','2018-12-10 19:05:44','01bYjd003Impl01XGHObO','000100010002'),('01ctQ3000_8sN01XGHObO','01bYjd003LCK201XGHObO','01ctQ3000ZNea01XGHObO','1','查询所有数据','listAll:GET','{\"nece\":[],\"unece\":[]}','','',NULL,NULL,'2018-12-10 19:05:44','2018-12-10 19:05:44','01bYjd003Impl01XGHObO','000100010002'),('01ctQ3000_jJx01XGHObO','01bYjd003LCK201XGHObO','01ctQ3000ZNea01XGHObO','1','根据id获取数据','getById:GET','{\"nece\":[],\"unece\":[]}','','',NULL,NULL,'2018-12-10 19:05:44','2018-12-10 19:05:44','01bYjd003Impl01XGHObO','000100010002'),('01ctQ3000_n0G01XGHObO','01bYjd003LCK201XGHObO','01ctQ3000ZNea01XGHObO','1','根据id删除','deleteById:DELETE','{\"nece\":[],\"unece\":[]}','','',NULL,NULL,'2018-12-10 19:05:44','2018-12-10 19:05:44','01bYjd003Impl01XGHObO','000100010002'),('01ctQ3000a7V601XGHObO','01bYjd003LCK201XGHObO','01ctQ3000ZNea01XGHObO','1','列出表格数据','listTable:POST','{\"nece\":[],\"unece\":[]}','','',NULL,NULL,'2018-12-10 19:05:44','2018-12-10 19:05:44','01bYjd003Impl01XGHObO','000100010002'),('01ctQ3000atH301XGHObO','01bYjd003LCK201XGHObO','01ctQ3000ZNea01XGHObO','1','保存','save:POST','{\"nece\":[],\"unece\":[]}','','添加或修改',NULL,NULL,'2018-12-10 19:05:44','2018-12-10 19:05:44','01bYjd003Impl01XGHObO','000100010002'),('01ctQ3000c9FP01XGHObO','01bYjd003LCK201XGHObO','01ctQ3000bQ9A01XGHObO','1','教师详情','detail:POST','{\"nece\":[],\"unece\":[]}','','',NULL,NULL,'2018-12-10 19:05:44','2018-12-10 19:05:44','01bYjd003Impl01XGHObO','000100010002'),('01ctQ3000cep201XGHObO','01bYjd003LCK201XGHObO','01ctQ3000bQ9A01XGHObO','1','保存教师信息','saveTeacher:POST','{\"nece\":[],\"unece\":[]}','','添加或修改',NULL,NULL,'2018-12-10 19:05:44','2018-12-10 19:05:44','01bYjd003Impl01XGHObO','000100010002'),('01ctQ3000d84L01XGHObO','01bYjd003LCK201XGHObO','01ctQ3000bQ9A01XGHObO','1','邀请学生','invitationStu:POST','{\"nece\":[],\"unece\":[]}','','',NULL,NULL,'2018-12-10 19:05:44','2018-12-10 19:05:44','01bYjd003Impl01XGHObO','000100010002'),('01ctQ3000e3Cm01XGHObO','01bYjd003LCK201XGHObO','01ctQ3000bQ9A01XGHObO','1','查询个人信息','get:GET','{\"nece\":[],\"unece\":[]}','','',NULL,NULL,'2018-12-10 19:05:44','2018-12-10 19:05:44','01bYjd003Impl01XGHObO','000100010002'),('01ctQ3000eldz01XGHObO','01bYjd003LCK201XGHObO','01ctQ3000bQ9A01XGHObO','1','同意加入/拒绝加入','join:POST','{\"nece\":[],\"unece\":[]}','','',NULL,NULL,'2018-12-10 19:05:44','2018-12-10 19:05:44','01bYjd003Impl01XGHObO','000100010002'),('01ctQ3000fewY01XGHObO','01bYjd003LCK201XGHObO','01ctQ3000bQ9A01XGHObO','1','搜索教师信息','search:POST','{\"nece\":[],\"unece\":[]}','','',NULL,NULL,'2018-12-10 19:05:44','2018-12-10 19:05:44','01bYjd003Impl01XGHObO','000100010002'),('01ctQ3000fjKA01XGHObO','01bYjd003LCK201XGHObO','01ctQ3000bQ9A01XGHObO','1','根据id获取数据','getById:GET','{\"nece\":[],\"unece\":[]}','','',NULL,NULL,'2018-12-10 19:05:44','2018-12-10 19:05:44','01bYjd003Impl01XGHObO','000100010002'),('01ctQ3000fyhB01XGHObO','01bYjd003LCK201XGHObO','01ctQ3000bQ9A01XGHObO','1','根据id删除','deleteById:DELETE','{\"nece\":[],\"unece\":[]}','','',NULL,NULL,'2018-12-10 19:05:44','2018-12-10 19:05:44','01bYjd003Impl01XGHObO','000100010002'),('01ctQ3000gZG201XGHObO','01bYjd003LCK201XGHObO','01ctQ3000bQ9A01XGHObO','1','列出表格数据','listTable:POST','{\"nece\":[],\"unece\":[]}','','',NULL,NULL,'2018-12-10 19:05:44','2018-12-10 19:05:44','01bYjd003Impl01XGHObO','000100010002'),('01ctQ3000gzS801XGHObO','01bYjd003LCK201XGHObO','01ctQ3000bQ9A01XGHObO','1','保存','save:POST','{\"nece\":[],\"unece\":[]}','','添加或修改',NULL,NULL,'2018-12-10 19:05:44','2018-12-10 19:05:44','01bYjd003Impl01XGHObO','000100010002'),('01ctQ3000lYf901XGHObO','00It4100002dxWQmliyTe','01ctQ3000kaXF01XGHObO','1','删除角色',':DELETE','{\"nece\":[\"id\"],\"unece\":[]}','w','',NULL,NULL,'2018-12-10 19:06:50','2018-12-10 19:06:50','00It4100001dxWQmliyTe','0001'),('01ctQ3000ly2701XGHObO','00It4100002dxWQmliyTe','01ctQ3000kaXF01XGHObO','1','添加角色',':POST','{\"nece\":[\"pid\",\"name\",\"r\",\"w\",\"delable\"],\"unece\":[\"rw\",\"order\",\"pid\",\"id\",\"description\"]}','w','',NULL,NULL,'2018-12-10 19:06:50','2018-12-10 19:06:50','00It4100001dxWQmliyTe','0001'),('01ctQ3000mPE601XGHObO','00It4100002dxWQmliyTe','01ctQ3000kaXF01XGHObO','1','批量获取数据','listTableMap:POST','{\"nece\":[],\"unece\":[\"query\",\"queryArray\",\"settings\"]}','','用于右侧表格显示',NULL,NULL,'2018-12-10 19:06:50','2018-12-10 19:06:50','00It4100001dxWQmliyTe','0001'),('01ctQ3000mftS01XGHObO','00It4100002dxWQmliyTe','01ctQ3000kaXF01XGHObO','1','修改角色',':PUT','{\"nece\":[\"id\",\"name\",\"r\",\"w\",\"delable\"],\"unece\":[\"rw\",\"order\",\"pid\",\"id\",\"description\"]}','w','',NULL,NULL,'2018-12-10 19:06:50','2018-12-10 19:06:50','00It4100001dxWQmliyTe','0001'),('01ctQ3000mv6f01XGHObO','00It4100002dxWQmliyTe','01ctQ3000kaXF01XGHObO','1','批量获取角色',':GET','{\"nece\":[],\"unece\":[\"pid\",\"settings\",\"currentId\"]}','r','',NULL,NULL,'2018-12-10 19:06:50','2018-12-10 19:06:50','00It4100001dxWQmliyTe','0001');

/*Table structure for table `xs_g2d1_apiprefix` */

DROP TABLE IF EXISTS `xs_g2d1_apiprefix`;

CREATE TABLE `xs_g2d1_apiprefix` (
  `id` char(21) CHARACTER SET ascii COLLATE ascii_bin NOT NULL,
  `srvid` char(21) CHARACTER SET ascii COLLATE ascii_bin NOT NULL,
  `prefix` varchar(32) CHARACTER SET ascii COLLATE ascii_bin NOT NULL,
  `detail` varchar(512) COLLATE utf8mb4_bin NOT NULL COMMENT '使用详情',
  `createtime` datetime NOT NULL,
  `updatetime` datetime NOT NULL,
  `creator` char(21) CHARACTER SET ascii COLLATE ascii_bin NOT NULL,
  `rcode` varchar(128) CHARACTER SET ascii COLLATE ascii_bin NOT NULL,
  PRIMARY KEY (`id`),
  UNIQUE KEY `prefix` (`prefix`),
  KEY `srvid` (`srvid`),
  CONSTRAINT `xs_g2d1_apiprefix_ibfk_1` FOREIGN KEY (`srvid`) REFERENCES `xs_g2d1_server` (`id`)
) ENGINE=InnoDB DEFAULT CHARSET=utf8mb4 COLLATE=utf8mb4_bin COMMENT='cloud api前缀';

/*Data for the table `xs_g2d1_apiprefix` */

insert  into `xs_g2d1_apiprefix`(`id`,`srvid`,`prefix`,`detail`,`createtime`,`updatetime`,`creator`,`rcode`) values ('01bYjd0003RZb01XGHObO','00It4100002dxWQmliyTe','data','系统保留api前缀','2018-12-06 21:30:32','2018-12-06 21:30:32','00It4100001dxWQmliyTe','000100010001'),('01bYjd0003o_201XGHObO','00It4100002dxWQmliyTe','global','系统保留api前缀','2018-12-06 21:30:32','2018-12-06 21:30:32','00It4100001dxWQmliyTe','000100010001'),('01bYjd0004Osa01XGHObO','00It4100002dxWQmliyTe','security','系统保留api前缀','2018-12-06 21:30:32','2018-12-06 21:30:32','00It4100001dxWQmliyTe','000100010001'),('01bYjd0004Qnp01XGHObO','00It4100002dxWQmliyTe','service','系统保留api前缀','2018-12-06 21:30:32','2018-12-06 21:30:32','00It4100001dxWQmliyTe','000100010001'),('01bYjd0005CvP01XGHObO','00It4100002dxWQmliyTe','share','系统保留api前缀','2018-12-06 21:30:32','2018-12-06 21:30:32','00It4100001dxWQmliyTe','000100010001'),('01bYjd0005oge01XGHObO','00It4100002dxWQmliyTe','test','系统保留api前缀','2018-12-06 21:30:32','2018-12-06 21:30:32','00It4100001dxWQmliyTe','000100010001'),('01bYjd0006NrI01XGHObO','00It4100002dxWQmliyTe','xishan','系统保留api前缀','2018-12-06 21:30:32','2018-12-06 21:30:32','00It4100001dxWQmliyTe','000100010001'),('01bYjd0006TQK01XGHObO','00It4100002dxWQmliyTe','xs','系统保留api前缀','2018-12-06 21:30:32','2018-12-06 21:30:32','00It4100001dxWQmliyTe','000100010001');

/*Table structure for table `xs_g2d1_cloudapi` */

DROP TABLE IF EXISTS `xs_g2d1_cloudapi`;

CREATE TABLE `xs_g2d1_cloudapi` (
  `id` char(21) CHARACTER SET ascii COLLATE ascii_bin NOT NULL,
  `srvid` char(21) CHARACTER SET ascii COLLATE ascii_bin NOT NULL,
  `csid` char(21) CHARACTER SET ascii COLLATE ascii_bin NOT NULL,
  `name` varchar(64) COLLATE utf8mb4_bin NOT NULL,
  `apid` char(21) CHARACTER SET ascii COLLATE ascii_bin NOT NULL COMMENT 'api前缀',
  `api` varchar(96) CHARACTER SET ascii COLLATE ascii_bin NOT NULL COMMENT 'api名称，不包括前缀',
  `description` varchar(512) COLLATE utf8mb4_bin DEFAULT NULL,
  `createtime` datetime NOT NULL,
  `updatetime` datetime NOT NULL,
  `creator` char(21) CHARACTER SET ascii COLLATE ascii_bin NOT NULL,
  `rcode` varchar(128) CHARACTER SET ascii COLLATE ascii_bin NOT NULL,
  PRIMARY KEY (`id`),
  UNIQUE KEY `apid_api` (`apid`,`api`),
  KEY `csid` (`csid`),
  KEY `srvid` (`srvid`),
  CONSTRAINT `xs_g2d1_cloudapi_ibfk_2` FOREIGN KEY (`csid`) REFERENCES `xs_g2d1_cloudservice` (`id`) ON DELETE CASCADE,
  CONSTRAINT `xs_g2d1_cloudapi_ibfk_3` FOREIGN KEY (`apid`) REFERENCES `xs_g2d1_apiprefix` (`id`)
) ENGINE=InnoDB DEFAULT CHARSET=utf8mb4 COLLATE=utf8mb4_bin COMMENT='云服务api';

/*Data for the table `xs_g2d1_cloudapi` */

insert  into `xs_g2d1_cloudapi`(`id`,`srvid`,`csid`,`name`,`apid`,`api`,`description`,`createtime`,`updatetime`,`creator`,`rcode`) values ('01bYjd0008T2X01XGHObO','00It4100002dxWQmliyTe','01bYjd0007RLX01XGHObO','获取菜单树','01bYjd0003o_201XGHObO','base-list_menu','自动创建','2018-12-06 21:30:33','2018-12-06 21:30:33','00It4100001dxWQmliyTe','000100010001'),('01bYjd0009gb601XGHObO','00It4100002dxWQmliyTe','01bYjd0007RLX01XGHObO','获取权限列表','01bYjd0003o_201XGHObO','base-list_access','自动创建','2018-12-06 21:30:33','2018-12-06 21:30:33','00It4100001dxWQmliyTe','000100010001'),('01bYjd000BMD101XGHObO','00It4100002dxWQmliyTe','01bYjd0007RLX01XGHObO','获取用户基本信息','01bYjd0003o_201XGHObO','user-baseinfo','自动创建','2018-12-06 21:30:33','2018-12-06 21:30:33','00It4100001dxWQmliyTe','000100010001');

/*Table structure for table `xs_g2d1_cloudconfig` */

DROP TABLE IF EXISTS `xs_g2d1_cloudconfig`;

CREATE TABLE `xs_g2d1_cloudconfig` (
  `id` char(21) CHARACTER SET ascii COLLATE ascii_bin NOT NULL,
  `srvid` char(21) CHARACTER SET ascii COLLATE ascii_bin NOT NULL,
  `csid` char(21) CHARACTER SET ascii COLLATE ascii_bin DEFAULT NULL COMMENT '不为空表示云服务应用的参数',
  `target` char(28) CHARACTER SET ascii COLLATE ascii_bin DEFAULT NULL COMMENT 'target唯一,云服务的id等于该字段表示默认配置',
  `delable` tinyint(1) NOT NULL DEFAULT '1' COMMENT '是否允许删除',
  `name` varchar(64) COLLATE utf8mb4_bin NOT NULL,
  `description` varchar(512) COLLATE utf8mb4_bin DEFAULT NULL,
  `type` varchar(16) CHARACTER SET ascii COLLATE ascii_bin NOT NULL COMMENT '参数类型：wx微信公众号参数，api为api接口参数，xsloader为xsloader加载配置',
  `content` text COLLATE utf8mb4_bin COMMENT '配置内容',
  `createtime` datetime NOT NULL,
  `updatetime` datetime NOT NULL,
  `creator` char(21) CHARACTER SET ascii COLLATE ascii_bin DEFAULT NULL,
  `rcode` varchar(128) COLLATE utf8mb4_bin NOT NULL,
  PRIMARY KEY (`id`),
  UNIQUE KEY `target` (`target`),
  KEY `srvid` (`srvid`),
  KEY `csid` (`csid`),
  CONSTRAINT `xs_g2d1_cloudconfig_ibfk_1` FOREIGN KEY (`srvid`) REFERENCES `xs_g2d1_server` (`id`) ON DELETE CASCADE,
  CONSTRAINT `xs_g2d1_cloudconfig_ibfk_2` FOREIGN KEY (`csid`) REFERENCES `xs_g2d1_cloudservice` (`id`) ON DELETE CASCADE
) ENGINE=InnoDB DEFAULT CHARSET=utf8mb4 COLLATE=utf8mb4_bin COMMENT='云配置';

/*Data for the table `xs_g2d1_cloudconfig` */

insert  into `xs_g2d1_cloudconfig`(`id`,`srvid`,`csid`,`target`,`delable`,`name`,`description`,`type`,`content`,`createtime`,`updatetime`,`creator`,`rcode`) values ('00It4100000cxWQmliyTe','00It4100002dxWQmliyTe',NULL,NULL,0,'系统配置','系统初始化创建','sys','{\n	\"wx_appid\":\"\",\n	\"wx_token\":\"1b8i3000cNxcXL1XoAXJS78qAwOEirVLaxFre5KLBI\",\n	\"qq_appid\":\"101526859\",\n	\"mini_secret\":\"\",\n	\"wx_secret\":\"\",\n	\"qq_secret\":\"ce07292f478cb1b01da928e2bf401d6c\",\n	\"mini_appid\":\"\"\n}','2018-12-06 21:30:33','2018-12-06 21:33:39','00It4100001dxWQmliyTe','0001'),('01bYjd0007j0101XGHObO','00It4100002dxWQmliyTe','01bYjd0007RLX01XGHObO','01bYjd0007RLX01XGHObO',0,'系统服务-服务配置','自动创建的配置','api','{\n	\"wx_appid\":\"\",\n	\"wx_token\":\"1bYjd0006wTPHtGULLGYg0csVVB3LtHmcGosipT8A1\",\n	\"qq_appid\":\"\",\n	\"mini_secret\":\"\",\n	\"wx_secret\":\"\",\n	\"qq_secret\":\"\",\n	\"mini_appid\":\"\"\n}','2018-12-06 21:30:33','2018-12-06 21:30:33','00It4100001dxWQmliyTe','000100010001'),('01bYjd003MfLx01XGHObO','01bYjd003LCK201XGHObO','01bYjd003MTqU01XGHObO','01bYjd003MTqU01XGHObO',0,'溪山科技技术外包组-默认服务-服务配置','自动创建的配置','api','{\n	\"wx_appid\":\"\",\n	\"wx_token\":\"1bYjd001O0cKfqTLKgTyPMsKVWZ4yRmFecYpd7xugz\",\n	\"qq_appid\":\"\",\n	\"mini_secret\":\"\",\n	\"wx_secret\":\"\",\n	\"qq_secret\":\"\",\n	\"mini_appid\":\"\"\n}','2018-12-06 21:34:10','2018-12-06 21:34:10','00It4100001dxWQmliyTe','000100010002'),('01bZFe000DVkr01XGHObO','01bZFe000BfGx01XGHObO','01bZFe000CcgL01XGHObO','01bZFe000CcgL01XGHObO',0,'建筑与城市规划学院-默认服务-服务配置','自动创建的配置','api','{\n	\"wx_appid\":\"\",\n	\"wx_token\":\"1bZFe001W79os5_CX5nOndYl9u1TfnTwWSMZE1dGO7\",\n	\"qq_appid\":\"\",\n	\"mini_secret\":\"\",\n	\"wx_secret\":\"\",\n	\"qq_secret\":\"\",\n	\"mini_appid\":\"\"\n}','2018-12-06 22:08:07','2018-12-06 22:08:07','00It4100001dxWQmliyTe','000100010003'),('01biLP001Wq2001XGHObO','01bYjd003LCK201XGHObO','01biLP001Vz6W01XGHObO','01biLP001Vz6W01XGHObO',0,'任务管理-服务配置','自动创建的配置','api','{\n	\"wx_appid\":\"\",\n	\"wx_token\":\"\",\n	\"qq_appid\":\"\",\n	\"mini_secret\":\"\",\n	\"wx_secret\":\"\",\n	\"qq_secret\":\"\",\n	\"mini_appid\":\"\"\n}','2018-12-07 09:27:23','2018-12-07 09:27:23','01b_s_003AKAK01XGHObO','000100010002'),('01cs9i0005Mu801XGHObO','01bYjd003LCK201XGHObO','01cs9i0004Zbk01XGHObO','01cs9i0004Zbk01XGHObO',0,'本科生导师双选系统-服务配置','自动创建的配置','api','{\n	\"wx_appid\":\"\",\n	\"wx_token\":\"1cs9i001q7bFdJrpljD81gHlLD9K89O8yJZAs8vWD3\",\n	\"qq_appid\":\"\",\n	\"mini_secret\":\"\",\n	\"wx_secret\":\"\",\n	\"qq_secret\":\"\",\n	\"mini_appid\":\"\"\n}','2018-12-10 17:30:17','2018-12-10 17:30:17','01bYjd003Impl01XGHObO','000100010002'),('01d1bx000Xo_L01XGHObO','01d1bx000VruI01XGHObO','01d1bx000WpMv01XGHObO','01d1bx000WpMv01XGHObO',0,'测试服务商-默认服务-服务配置','自动创建的配置','api','{\n	\"wx_appid\":\"\",\n	\"wx_token\":\"1d1bx008tz79ZoY0gTmpKmVKSp7ihEi8RoPlVZYa9c\",\n	\"qq_appid\":\"\",\n	\"mini_secret\":\"\",\n	\"wx_secret\":\"\",\n	\"qq_secret\":\"\",\n	\"mini_appid\":\"\"\n}','2018-12-11 09:28:23','2018-12-11 09:28:23','00It4100001dxWQmliyTe','000100010004');

/*Table structure for table `xs_g2d1_cloudpackage` */

DROP TABLE IF EXISTS `xs_g2d1_cloudpackage`;

CREATE TABLE `xs_g2d1_cloudpackage` (
  `id` char(21) CHARACTER SET ascii COLLATE ascii_bin NOT NULL,
  `srvid` char(21) CHARACTER SET ascii COLLATE ascii_bin NOT NULL,
  `csid` char(21) CHARACTER SET ascii COLLATE ascii_bin NOT NULL,
  `name` varchar(32) COLLATE utf8mb4_bin NOT NULL COMMENT '套餐名称',
  `description` varchar(512) COLLATE utf8mb4_bin DEFAULT NULL,
  `createtime` datetime NOT NULL,
  `updatetime` datetime NOT NULL,
  `creator` char(21) CHARACTER SET ascii COLLATE ascii_bin NOT NULL,
  `rcode` varchar(128) CHARACTER SET ascii COLLATE ascii_bin NOT NULL,
  PRIMARY KEY (`id`),
  KEY `csid` (`csid`),
  KEY `srvid` (`srvid`),
  CONSTRAINT `xs_g2d1_cloudpackage_ibfk_1` FOREIGN KEY (`csid`) REFERENCES `xs_g2d1_cloudservice` (`id`) ON DELETE CASCADE
) ENGINE=InnoDB DEFAULT CHARSET=utf8mb4 COLLATE=utf8mb4_bin COMMENT='云套餐';

/*Data for the table `xs_g2d1_cloudpackage` */

insert  into `xs_g2d1_cloudpackage`(`id`,`srvid`,`csid`,`name`,`description`,`createtime`,`updatetime`,`creator`,`rcode`) values ('00It4100059dxWQmliyTe','00It4100002dxWQmliyTe','01bYjd0007RLX01XGHObO','默认套餐','自动创建的套餐','2018-12-06 21:30:33','2018-12-06 21:30:33','00It4100001dxWQmliyTe','000100010001'),('01b_s_0001nis01XGHObO','01bYjd003LCK201XGHObO','01bYjd003MTqU01XGHObO','本科生导师双选系统默认套餐',NULL,'2018-12-06 23:53:04','2018-12-06 23:53:04','01bYjd003Impl01XGHObO','000100010002'),('01biLP001Wut601XGHObO','01bYjd003LCK201XGHObO','01biLP001Vz6W01XGHObO','任务管理默认套餐','自动创建的套餐','2018-12-07 09:27:23','2018-12-07 09:27:23','01b_s_003AKAK01XGHObO','000100010002'),('01cs9i0005be201XGHObO','01bYjd003LCK201XGHObO','01cs9i0004Zbk01XGHObO','本科生导师双选系统默认套餐','自动创建的套餐','2018-12-10 17:30:17','2018-12-10 17:30:17','01bYjd003Impl01XGHObO','000100010002'),('01d1bx000YVOz01XGHObO','01d1bx000VruI01XGHObO','01d1bx000WpMv01XGHObO','测试服务商-默认服务默认套餐','自动创建的套餐','2018-12-11 09:28:23','2018-12-11 09:28:23','00It4100001dxWQmliyTe','000100010004');

/*Table structure for table `xs_g2d1_cloudpackageapi` */

DROP TABLE IF EXISTS `xs_g2d1_cloudpackageapi`;

CREATE TABLE `xs_g2d1_cloudpackageapi` (
  `id` char(21) CHARACTER SET ascii COLLATE ascii_bin NOT NULL,
  `srvid` char(21) CHARACTER SET ascii COLLATE ascii_bin NOT NULL,
  `cpid` char(21) CHARACTER SET ascii COLLATE ascii_bin NOT NULL,
  `caid` char(21) CHARACTER SET ascii COLLATE ascii_bin NOT NULL,
  `oinvoke` tinyint(1) NOT NULL DEFAULT '0' COMMENT '是否只允许自己调用(origin invoke)：true只允许自己直接调用，false允许代替调用',
  `createtime` datetime NOT NULL,
  `creator` char(21) CHARACTER SET ascii COLLATE ascii_bin NOT NULL,
  `rcode` char(21) CHARACTER SET ascii COLLATE ascii_bin NOT NULL,
  PRIMARY KEY (`id`),
  UNIQUE KEY `caid_cpid` (`caid`,`cpid`),
  KEY `cpid` (`cpid`),
  KEY `srvid` (`srvid`),
  CONSTRAINT `xs_g2d1_cloudpackageapi_ibfk_1` FOREIGN KEY (`cpid`) REFERENCES `xs_g2d1_cloudpackage` (`id`) ON DELETE CASCADE,
  CONSTRAINT `xs_g2d1_cloudpackageapi_ibfk_2` FOREIGN KEY (`caid`) REFERENCES `xs_g2d1_cloudapi` (`id`) ON DELETE CASCADE
) ENGINE=InnoDB DEFAULT CHARSET=utf8mb4 COLLATE=utf8mb4_bin COMMENT='套餐可访问的api';

/*Data for the table `xs_g2d1_cloudpackageapi` */

insert  into `xs_g2d1_cloudpackageapi`(`id`,`srvid`,`cpid`,`caid`,`oinvoke`,`createtime`,`creator`,`rcode`) values ('01bYjd0008pSn01XGHObO','00It4100002dxWQmliyTe','00It4100059dxWQmliyTe','01bYjd0008T2X01XGHObO',0,'2018-12-06 21:30:33','00It4100001dxWQmliyTe','000100010001'),('01bYjd000A8ED01XGHObO','00It4100002dxWQmliyTe','00It4100059dxWQmliyTe','01bYjd0009gb601XGHObO',0,'2018-12-06 21:30:33','00It4100001dxWQmliyTe','000100010001'),('01bYjd000BpIQ01XGHObO','00It4100002dxWQmliyTe','00It4100059dxWQmliyTe','01bYjd000BMD101XGHObO',0,'2018-12-06 21:30:33','00It4100001dxWQmliyTe','000100010001');

/*Table structure for table `xs_g2d1_cloudservice` */

DROP TABLE IF EXISTS `xs_g2d1_cloudservice`;

CREATE TABLE `xs_g2d1_cloudservice` (
  `id` char(21) CHARACTER SET ascii COLLATE ascii_bin NOT NULL COMMENT '作为配置的target',
  `srvid` char(21) CHARACTER SET ascii COLLATE ascii_bin NOT NULL,
  `brole` char(21) CHARACTER SET ascii COLLATE ascii_bin NOT NULL COMMENT '桥梁角色id',
  `icon` varchar(256) CHARACTER SET ascii COLLATE ascii_bin DEFAULT NULL,
  `name` varchar(32) COLLATE utf8mb4_bin NOT NULL,
  `type` varchar(10) CHARACTER SET ascii COLLATE ascii_bin NOT NULL DEFAULT 'ui' COMMENT '服务类型：ui表示用户入口服务，data表示数据服务',
  `delable` tinyint(1) NOT NULL DEFAULT '1' COMMENT '是否可被删除',
  `description` varchar(512) COLLATE utf8mb4_bin DEFAULT NULL,
  `appid` char(28) CHARACTER SET ascii COLLATE ascii_bin NOT NULL COMMENT '对外appid',
  `secret` varchar(128) CHARACTER SET ascii COLLATE ascii_bin NOT NULL COMMENT '服务秘钥',
  `state` char(1) CHARACTER SET ascii COLLATE ascii_bin NOT NULL COMMENT '服务状态：0开发中，1上线，2下线',
  `createtime` datetime NOT NULL,
  `updatetime` datetime NOT NULL,
  `creator` char(21) CHARACTER SET ascii COLLATE ascii_bin NOT NULL,
  `rcode` varchar(128) CHARACTER SET ascii COLLATE ascii_bin NOT NULL,
  `token` varchar(64) CHARACTER SET ascii COLLATE ascii_bin NOT NULL DEFAULT '0' COMMENT '服务token',
  `apiurl` varchar(256) CHARACTER SET ascii COLLATE ascii_bin NOT NULL DEFAULT '$ws-invoke-cloudapi' COMMENT 'api对接地址：$ws-invoke-cloudapi表示WebSocket方式，其他为url地址',
  PRIMARY KEY (`id`),
  KEY `srvid` (`srvid`),
  KEY `brole` (`brole`),
  CONSTRAINT `xs_g2d1_cloudservice_ibfk_1` FOREIGN KEY (`srvid`) REFERENCES `xs_g2d1_server` (`id`),
  CONSTRAINT `xs_g2d1_cloudservice_ibfk_2` FOREIGN KEY (`brole`) REFERENCES `xs_g2d1_role` (`id`)
) ENGINE=InnoDB DEFAULT CHARSET=utf8mb4 COLLATE=utf8mb4_bin COMMENT='云服务';

/*Data for the table `xs_g2d1_cloudservice` */

insert  into `xs_g2d1_cloudservice`(`id`,`srvid`,`brole`,`icon`,`name`,`type`,`delable`,`description`,`appid`,`secret`,`state`,`createtime`,`updatetime`,`creator`,`rcode`,`token`,`apiurl`) values ('01bYjd0007RLX01XGHObO','00It4100002dxWQmliyTe','01bYjd0007R1L01XGHObO',NULL,'系统服务','ui',0,'自动创建','01T8tO000depm6FH1bVjX','01T8tO000Qg3CNc3qn_FdrpTSfQCcGmGJyKd3bCGoHXj5b0SCOhZuW0r_MX5Xexd','0','2018-12-06 21:30:33','2018-12-11 00:19:11','00It4100001dxWQmliyTe','000100010001','1Qmkh0000hoFERoi23923srw33','$ws-invoke-cloudapi'),('01bYjd003MTqU01XGHObO','01bYjd003LCK201XGHObO','01bYjd003LmhO01XGHObO',NULL,'本科生导师双选系统(本地)','ui',0,'本地开发','01bYjd000e6wM01XGHObO','01bYjd004SREha2Lx73YNs8IBQwXQeH9xR0fAD2d_CkqOSbkjHRFX6VVLJ0DfP_x','0','2018-12-06 21:34:10','2018-12-10 17:29:08','00It4100001dxWQmliyTe','000100010002','1bYjd00148jCzRiSXLcpe8TQsgyk7j4NLmXLJSY2st','$ws-invoke-cloudapi'),('01bZFe000CcgL01XGHObO','01bZFe000BfGx01XGHObO','01bZFe000CSU701XGHObO',NULL,'建筑与城市规划学院-默认服务','ui',0,'自动创建','01bZFe000jdd901XGHObO','01bZFe0076L_ZLpeLcKV2cpBZ4CVsNDlqhwTsg8b7wTsRgnFZZDXTrcqZPMQUoLx','0','2018-12-06 22:08:07','2018-12-06 22:08:07','00It4100001dxWQmliyTe','000100010003','1bZFe0019CTaTaRH8O9zqh3mE707fxAuGQEbRPTpGx','$ws-invoke-cloudapi'),('01biLP001Vz6W01XGHObO','01bYjd003LCK201XGHObO','01biLP001VtDa01XGHObO',NULL,'任务管理','ui',1,'任务管理','01Zz_c000Cc2y6FH1bVjX','01Zz_c004AyryJ6STnuP2BKrVxQHop428q7f8t9R2Fb1XLYDB_63sw7YivxICLMf','0','2018-12-07 09:27:23','2018-12-07 09:27:23','01b_s_003AKAK01XGHObO','000100010002','1Zz_c000WQ2ByD6Sz8bsMmkxtMYhnPSUSDZ4pm9AwC','$ws-invoke-cloudapi'),('01cs9i0004Zbk01XGHObO','01bYjd003LCK201XGHObO','01cs9i0004AGH01XGHObO',NULL,'本科生导师双选系统','ui',1,'线上系统','01cs9i000YgqV01XGHObO','01cs9i00DKsp0u6oqBT9_qXJ3rAGtjdn2vD84AASuQFj3EL9Ctf_VFDPkzwA3EGs','0','2018-12-10 17:30:17','2018-12-10 17:30:17','01bYjd003Impl01XGHObO','000100010002','1cs9i001XwYOm2YNwMYhb2fg7XRHZds6NcOa6cjCGx','$ws-invoke-cloudapi'),('01d1bx000WpMv01XGHObO','01d1bx000VruI01XGHObO','01d1bx000W4l901XGHObO',NULL,'测试服务商-默认服务','ui',0,'自动创建','01d1bx00092JN01XGHObO','01d1bx00SEEM8Dwpi7AKCSIVn3py71K7lw54SQFg2csaSb50mG_t9AHk16yVvPqd','0','2018-12-11 09:28:23','2018-12-11 09:28:23','00It4100001dxWQmliyTe','000100010004','1d1bx008Xq8V8CfNrxNkbybVY6LbzcF_s9uzn82RVl','$ws-invoke-cloudapi');

/*Table structure for table `xs_g2d1_menu` */

DROP TABLE IF EXISTS `xs_g2d1_menu`;

CREATE TABLE `xs_g2d1_menu` (
  `id` char(21) CHARACTER SET ascii COLLATE ascii_bin NOT NULL,
  `srvid` char(21) CHARACTER SET ascii COLLATE ascii_bin NOT NULL,
  `name` varchar(32) COLLATE utf8mb4_bin NOT NULL,
  `description` varchar(512) COLLATE utf8mb4_bin DEFAULT NULL,
  `createtime` datetime NOT NULL,
  `updatetime` datetime NOT NULL,
  `creator` char(21) CHARACTER SET ascii COLLATE ascii_bin NOT NULL,
  `rcode` varchar(128) CHARACTER SET ascii COLLATE ascii_bin NOT NULL,
  PRIMARY KEY (`id`),
  KEY `srvid` (`srvid`),
  CONSTRAINT `xs_g2d1_menu_ibfk_1` FOREIGN KEY (`srvid`) REFERENCES `xs_g2d1_server` (`id`)
) ENGINE=InnoDB DEFAULT CHARSET=utf8mb4 COLLATE=utf8mb4_bin COMMENT='菜单项目';

/*Data for the table `xs_g2d1_menu` */

insert  into `xs_g2d1_menu`(`id`,`srvid`,`name`,`description`,`createtime`,`updatetime`,`creator`,`rcode`) values ('01W0f50002qRUX3fzC9Qb','00It4100002dxWQmliyTe','默认菜单','自动创建','2018-12-06 21:30:33','2018-12-06 21:30:33','00It4100001dxWQmliyTe','000100010001'),('01W0f50003qRUX3fzC9Qb','00It4100002dxWQmliyTe','默认快捷菜单','自动创建','2018-12-06 21:30:33','2018-12-06 21:30:33','00It4100001dxWQmliyTe','000100010001'),('01YwWe00066826FH1bQzt','01bYjd003LCK201XGHObO','本科生导师双选系统',NULL,'2018-12-06 21:57:57','2018-12-06 21:57:57','01bYjd003Impl01XGHObO','000100010002'),('01Zy7H000450Y6FH1bVjX','01bYjd003LCK201XGHObO','任务管理',NULL,'2018-12-07 09:26:54','2018-12-07 09:26:54','01b_s_003AKAK01XGHObO','000100010002');

/*Table structure for table `xs_g2d1_menuitem` */

DROP TABLE IF EXISTS `xs_g2d1_menuitem`;

CREATE TABLE `xs_g2d1_menuitem` (
  `id` char(21) CHARACTER SET ascii COLLATE ascii_bin NOT NULL,
  `pid` char(21) CHARACTER SET ascii COLLATE ascii_bin DEFAULT NULL,
  `srvid` char(21) CHARACTER SET ascii COLLATE ascii_bin NOT NULL,
  `mid` char(21) CHARACTER SET ascii COLLATE ascii_bin NOT NULL COMMENT '菜单id',
  `name` varchar(32) COLLATE utf8mb4_bin NOT NULL,
  `visible` tinyint(1) NOT NULL COMMENT '是否显示',
  `order` int(11) NOT NULL COMMENT '排序号',
  `url` varchar(256) CHARACTER SET ascii COLLATE ascii_bin DEFAULT NULL,
  `data` varchar(1024) COLLATE utf8mb4_bin DEFAULT NULL COMMENT '菜单其他数据:{icon:"class",bg:"class",ID:"",width:'''',height:''''}',
  `description` varchar(512) COLLATE utf8mb4_bin DEFAULT NULL,
  `createtime` datetime NOT NULL,
  `updatetime` datetime NOT NULL,
  `creator` char(21) CHARACTER SET ascii COLLATE ascii_bin NOT NULL,
  `rcode` varchar(128) CHARACTER SET ascii COLLATE ascii_bin NOT NULL,
  PRIMARY KEY (`id`),
  KEY `pid` (`pid`),
  KEY `xs_g2d1_menuitem_xs_g2d1_menu` (`mid`),
  KEY `srvid` (`srvid`),
  CONSTRAINT `xs_g2d1_menuitem_ibfk_1` FOREIGN KEY (`pid`) REFERENCES `xs_g2d1_menuitem` (`id`),
  CONSTRAINT `xs_g2d1_menuitem_xs_g2d1_menu` FOREIGN KEY (`mid`) REFERENCES `xs_g2d1_menu` (`id`)
) ENGINE=InnoDB DEFAULT CHARSET=utf8mb4 COLLATE=utf8mb4_bin COMMENT='菜单项';

/*Data for the table `xs_g2d1_menuitem` */

insert  into `xs_g2d1_menuitem`(`id`,`pid`,`srvid`,`mid`,`name`,`visible`,`order`,`url`,`data`,`description`,`createtime`,`updatetime`,`creator`,`rcode`) values ('01bYjd000Cc8v01XGHObO',NULL,'00It4100002dxWQmliyTe','01W0f50002qRUX3fzC9Qb','用户管理',1,100,'server/server-user.html',NULL,NULL,'2018-12-06 21:30:33','2018-12-06 21:30:33','00It4100001dxWQmliyTe','000100010001'),('01bYjd000DMXH01XGHObO',NULL,'00It4100002dxWQmliyTe','01W0f50002qRUX3fzC9Qb','高级设置',1,200,NULL,NULL,NULL,'2018-12-06 21:30:33','2018-12-06 21:30:33','00It4100001dxWQmliyTe','000100010001'),('01bYjd000EHem01XGHObO','01bYjd000DMXH01XGHObO','00It4100002dxWQmliyTe','01W0f50002qRUX3fzC9Qb','菜单管理',1,100,'menu/menu.html',NULL,NULL,'2018-12-06 21:30:33','2018-12-06 21:30:33','00It4100001dxWQmliyTe','000100010001'),('01bYjd000EQ2601XGHObO','01bYjd000DMXH01XGHObO','00It4100002dxWQmliyTe','01W0f50002qRUX3fzC9Qb','角色管理',1,200,'role/role.html',NULL,NULL,'2018-12-06 21:30:33','2018-12-06 21:30:33','00It4100001dxWQmliyTe','000100010001'),('01bYjd000FDxd01XGHObO','01bYjd000DMXH01XGHObO','00It4100002dxWQmliyTe','01W0f50002qRUX3fzC9Qb','子管理员',1,300,'subadmin/subadmin.html',NULL,NULL,'2018-12-06 21:30:33','2018-12-06 21:30:33','00It4100001dxWQmliyTe','000100010001'),('01bYjd000FgDY01XGHObO','01bYjd000DMXH01XGHObO','00It4100002dxWQmliyTe','01W0f50002qRUX3fzC9Qb','配置管理',1,400,'cloud-config/cloud-config.html',NULL,NULL,'2018-12-06 21:30:33','2018-12-06 21:30:33','00It4100001dxWQmliyTe','000100010001'),('01bYjd000LoxH01XGHObO',NULL,'00It4100002dxWQmliyTe','01W0f50003qRUX3fzC9Qb','我的',1,300,'profile/profile.html','{\"icon\":\"fa-user\"}',NULL,'2018-12-06 21:30:33','2018-12-06 21:30:33','00It4100001dxWQmliyTe','000100010001'),('01bYjd000MSVn01XGHObO',NULL,'00It4100002dxWQmliyTe','01W0f50003qRUX3fzC9Qb','云服务大厅',1,400,'open-cloud-service/open-cloud-service.html',NULL,NULL,'2018-12-06 21:30:33','2018-12-06 21:30:33','00It4100001dxWQmliyTe','000100010001'),('01bYjd000MylJ01XGHObO',NULL,'00It4100002dxWQmliyTe','01W0f50003qRUX3fzC9Qb','云API管理',1,500,'cloud-api/cloud-api.html',NULL,NULL,'2018-12-06 21:30:33','2018-12-06 21:30:33','00It4100001dxWQmliyTe','000100010001'),('01bYjd000NrnF01XGHObO',NULL,'00It4100002dxWQmliyTe','01W0f50003qRUX3fzC9Qb','云服务管理',1,600,'cloud-service/cloud-service.html',NULL,NULL,'2018-12-06 21:30:33','2018-12-06 21:30:33','00It4100001dxWQmliyTe','000100010001'),('01bYjd000O1r901XGHObO',NULL,'00It4100002dxWQmliyTe','01W0f50003qRUX3fzC9Qb','服务商管理',1,700,'server/server.html',NULL,NULL,'2018-12-06 21:30:33','2018-12-06 21:30:33','00It4100001dxWQmliyTe','000100010001'),('01bYjd003Yr7l01XGHObO',NULL,'01bYjd003LCK201XGHObO','01YwWe00066826FH1bQzt','导师系统',1,900,NULL,'{}',NULL,'2018-12-06 21:57:57','2018-12-06 21:57:57','01bYjd003Impl01XGHObO','000100010002'),('01bYjd003ZlE101XGHObO','01bYjd003Yr7l01XGHObO','01bYjd003LCK201XGHObO','01YwWe00066826FH1bQzt','班级管理',1,100,'school-class/index.html','{}',NULL,'2018-12-06 21:57:57','2018-12-06 21:57:57','01bYjd003Impl01XGHObO','000100010002'),('01bYjd003_djr01XGHObO','01bYjd003Yr7l01XGHObO','01bYjd003LCK201XGHObO','01YwWe00066826FH1bQzt','学生管理',1,200,'student/index.html','{}',NULL,'2018-12-06 21:57:57','2018-12-06 21:57:57','01bYjd003Impl01XGHObO','000100010002'),('01bYjd003a4cf01XGHObO','01bYjd003Yr7l01XGHObO','01bYjd003LCK201XGHObO','01YwWe00066826FH1bQzt','教师管理',1,300,'teacher/index.html','{}',NULL,'2018-12-06 21:57:57','2018-12-06 21:57:57','01bYjd003Impl01XGHObO','000100010002'),('01bYjd003aEM601XGHObO',NULL,'01bYjd003LCK201XGHObO','01YwWe00066826FH1bQzt','系统管理',1,1000,NULL,'{}',NULL,'2018-12-06 21:57:57','2018-12-06 21:57:57','01bYjd003Impl01XGHObO','000100010002'),('01bYjd003aw7G01XGHObO','01bYjd003aEM601XGHObO','01bYjd003LCK201XGHObO','01YwWe00066826FH1bQzt','学生信息对照管理',1,100,'student-contrast/index.html','{}',NULL,'2018-12-06 21:57:57','2018-12-06 21:57:57','01bYjd003Impl01XGHObO','000100010002'),('01bYjd003b7DN01XGHObO','01bYjd003aEM601XGHObO','01bYjd003LCK201XGHObO','01YwWe00066826FH1bQzt','教师信息对照管理',1,200,'teacher-contrast/index.html','{}',NULL,'2018-12-06 21:57:57','2018-12-06 21:57:57','01bYjd003Impl01XGHObO','000100010002'),('01bZFe001ZCXT01XGHObO',NULL,'00It4100002dxWQmliyTe','01W0f50003qRUX3fzC9Qb','代添加服务',1,1100,'open-cloud-service/add-ocs-to-server/add-ocs-to-server.html','{}',NULL,'2018-12-06 23:28:22','2018-12-06 23:28:22','00It4100001dxWQmliyTe','0001'),('01b_s_000Fq0R01XGHObO',NULL,'01bYjd003LCK201XGHObO','01YwWe00066826FH1bQzt','总览',1,800,'dashboard.html','{}',NULL,'2018-12-07 00:10:31','2018-12-07 00:10:31','01bYjd003Impl01XGHObO','000100010002'),('01biLP001PSGD01XGHObO',NULL,'01bYjd003LCK201XGHObO','01Zy7H000450Y6FH1bVjX','项目任务管理',1,800,'project/index.html','{\"icon\":\"fa-archive\"}',NULL,'2018-12-07 09:26:54','2018-12-07 09:26:54','01b_s_003AKAK01XGHObO','000100010002'),('01biLP001P_yi01XGHObO','01biLP001PSGD01XGHObO','01bYjd003LCK201XGHObO','01Zy7H000450Y6FH1bVjX','项目管理',1,100,'project/index.html','{\"icon\":\"fa-cube\"}',NULL,'2018-12-07 09:26:54','2018-12-07 09:26:54','01b_s_003AKAK01XGHObO','000100010002'),('01biLP001QPAW01XGHObO','01biLP001PSGD01XGHObO','01bYjd003LCK201XGHObO','01Zy7H000450Y6FH1bVjX','任务管理',1,200,'task/index.html','{\"icon\":\"fa-coffee\"}',NULL,'2018-12-07 09:26:54','2018-12-07 09:26:54','01b_s_003AKAK01XGHObO','000100010002'),('01biLP001R3gj01XGHObO','01biLP001PSGD01XGHObO','01bYjd003LCK201XGHObO','01Zy7H000450Y6FH1bVjX','任务审批',1,300,'task/sp.html','{\"icon\":\"fa-code-fork\"}',NULL,'2018-12-07 09:26:54','2018-12-07 09:26:54','01b_s_003AKAK01XGHObO','000100010002'),('01biLP001Rkqk01XGHObO',NULL,'01bYjd003LCK201XGHObO','01Zy7H000450Y6FH1bVjX','通讯录',1,900,NULL,'{\"icon\":\"fa-address-book\"}',NULL,'2018-12-07 09:26:54','2018-12-07 09:26:54','01b_s_003AKAK01XGHObO','000100010002'),('01biLP001STl001XGHObO','01biLP001Rkqk01XGHObO','01bYjd003LCK201XGHObO','01Zy7H000450Y6FH1bVjX','账户信息管理',1,100,'account/index.html','{}',NULL,'2018-12-07 09:26:54','2018-12-07 09:26:54','01b_s_003AKAK01XGHObO','000100010002'),('01biLP001TDax01XGHObO','01biLP001Rkqk01XGHObO','01bYjd003LCK201XGHObO','01Zy7H000450Y6FH1bVjX','角色管理',1,300,'role/index.html','{}',NULL,'2018-12-07 09:26:54','2018-12-07 09:26:54','01b_s_003AKAK01XGHObO','000100010002'),('01biLP001TmCN01XGHObO','01biLP001Rkqk01XGHObO','01bYjd003LCK201XGHObO','01Zy7H000450Y6FH1bVjX','通讯录管理',1,400,'user/index.html','{}',NULL,'2018-12-07 09:26:54','2018-12-07 09:26:54','01b_s_003AKAK01XGHObO','000100010002'),('01biLP001Txyd01XGHObO','01biLP001Rkqk01XGHObO','01bYjd003LCK201XGHObO','01Zy7H000450Y6FH1bVjX','离职管理',1,500,'user/leave.html','{}',NULL,'2018-12-07 09:26:54','2018-12-07 09:26:54','01b_s_003AKAK01XGHObO','000100010002'),('01biLP001Unv101XGHObO',NULL,'01bYjd003LCK201XGHObO','01Zy7H000450Y6FH1bVjX','系统设置',1,1000,'#','{\"icon\":\"fa-gears\"}',NULL,'2018-12-07 09:26:54','2018-12-07 09:26:54','01b_s_003AKAK01XGHObO','000100010002'),('01biLP001V3kO01XGHObO','01biLP001Unv101XGHObO','01bYjd003LCK201XGHObO','01Zy7H000450Y6FH1bVjX','菜单管理',1,100,'menu/index.html','{}',NULL,'2018-12-07 09:26:54','2018-12-07 09:26:54','01b_s_003AKAK01XGHObO','000100010002'),('01biLP001V3qp01XGHObO','01biLP001Unv101XGHObO','01bYjd003LCK201XGHObO','01Zy7H000450Y6FH1bVjX','权限设置',1,200,'menu/setting.html','{}',NULL,'2018-12-07 09:26:54','2018-12-07 09:26:54','01b_s_003AKAK01XGHObO','000100010002'),('01biLP001Vnru01XGHObO','01biLP001Unv101XGHObO','01bYjd003LCK201XGHObO','01Zy7H000450Y6FH1bVjX','自定义菜单',1,300,'menu/selfdefine.html','{}',NULL,'2018-12-07 09:26:55','2018-12-11 09:53:06','01b_s_003AKAK01XGHObO','000100010002');

/*Table structure for table `xs_g2d1_menuitemfun` */

DROP TABLE IF EXISTS `xs_g2d1_menuitemfun`;

CREATE TABLE `xs_g2d1_menuitemfun` (
  `id` char(21) CHARACTER SET ascii COLLATE ascii_bin NOT NULL,
  `srvid` char(21) CHARACTER SET ascii COLLATE ascii_bin NOT NULL,
  `miid` char(21) CHARACTER SET ascii COLLATE ascii_bin NOT NULL,
  `afid` char(21) CHARACTER SET ascii COLLATE ascii_bin NOT NULL,
  `createtime` datetime NOT NULL,
  `creator` char(21) CHARACTER SET ascii COLLATE ascii_bin NOT NULL,
  `rcode` varchar(128) CHARACTER SET ascii COLLATE ascii_bin NOT NULL,
  PRIMARY KEY (`id`),
  UNIQUE KEY `miid_afid` (`miid`,`afid`),
  KEY `afid` (`afid`),
  KEY `srvid` (`srvid`),
  CONSTRAINT `xs_g2d1_menuitemfun_ibfk_1` FOREIGN KEY (`miid`) REFERENCES `xs_g2d1_menuitem` (`id`) ON DELETE CASCADE,
  CONSTRAINT `xs_g2d1_menuitemfun_ibfk_2` FOREIGN KEY (`afid`) REFERENCES `xs_g2d1_accessfun` (`id`) ON DELETE CASCADE
) ENGINE=InnoDB DEFAULT CHARSET=utf8mb4 COLLATE=utf8mb4_bin COMMENT='菜单项可访问的接口(能查看对应菜单项的角色也拥有该接口的权限)';

/*Data for the table `xs_g2d1_menuitemfun` */

/*Table structure for table `xs_g2d1_opencloudservice` */

DROP TABLE IF EXISTS `xs_g2d1_opencloudservice`;

CREATE TABLE `xs_g2d1_opencloudservice` (
  `id` char(21) CHARACTER SET ascii COLLATE ascii_bin NOT NULL,
  `srvid` char(21) CHARACTER SET ascii COLLATE ascii_bin NOT NULL,
  `csid` char(21) CHARACTER SET ascii COLLATE ascii_bin NOT NULL,
  `name` varchar(64) COLLATE utf8mb4_bin NOT NULL,
  `delable` tinyint(1) NOT NULL COMMENT '是否可被删除',
  `state` char(1) CHARACTER SET ascii COLLATE ascii_bin NOT NULL COMMENT '套餐状态：0发布中，1发布成功，2发布失败；a下架中，b下架成功，c下架失败',
  `description` varchar(512) COLLATE utf8mb4_bin NOT NULL,
  `createtime` datetime NOT NULL,
  `updatetime` datetime NOT NULL,
  `creator` char(21) CHARACTER SET ascii COLLATE ascii_bin NOT NULL,
  `rcode` varchar(128) COLLATE utf8mb4_bin NOT NULL,
  PRIMARY KEY (`id`),
  UNIQUE KEY `csid` (`csid`),
  KEY `srvid` (`srvid`),
  CONSTRAINT `xs_g2d1_opencloudservice_ibfk_2` FOREIGN KEY (`csid`) REFERENCES `xs_g2d1_cloudservice` (`id`)
) ENGINE=InnoDB DEFAULT CHARSET=utf8mb4 COLLATE=utf8mb4_bin COMMENT='开放的云服务';

/*Data for the table `xs_g2d1_opencloudservice` */

insert  into `xs_g2d1_opencloudservice`(`id`,`srvid`,`csid`,`name`,`delable`,`state`,`description`,`createtime`,`updatetime`,`creator`,`rcode`) values ('00It4100062dxWQmliyTe','00It4100002dxWQmliyTe','01bYjd0007RLX01XGHObO','系统服务',0,'1','自动创建','2018-12-06 21:30:33','2018-12-06 21:30:33','00It4100001dxWQmliyTe','000100010001'),('01ctQ3000smy701XGHObO','01bYjd003LCK201XGHObO','01cs9i0004Zbk01XGHObO','本科生导师双选系统',1,'1','线上系统','2018-12-10 19:08:04','2018-12-10 19:08:04','01bYjd003Impl01XGHObO','000100010002'),('01ctQ3000wY5x01XGHObO','01bYjd003LCK201XGHObO','01bYjd003MTqU01XGHObO','本科生导师双选系统(本地)',1,'1','本地开发','2018-12-10 19:09:26','2018-12-10 19:09:26','01bYjd003Impl01XGHObO','000100010002');

/*Table structure for table `xs_g2d1_role` */

DROP TABLE IF EXISTS `xs_g2d1_role`;

CREATE TABLE `xs_g2d1_role` (
  `id` char(21) CHARACTER SET ascii COLLATE ascii_bin NOT NULL,
  `pid` char(21) CHARACTER SET ascii COLLATE ascii_bin DEFAULT NULL COMMENT '父级角色id（只有初始化的角色才能为空）',
  `srvid` char(21) CHARACTER SET ascii COLLATE ascii_bin DEFAULT NULL COMMENT '所属服务商id',
  `name` varchar(32) COLLATE utf8mb4_bin NOT NULL,
  `delable` tinyint(1) NOT NULL DEFAULT '1' COMMENT '是否可被删除',
  `description` varchar(512) COLLATE utf8mb4_bin DEFAULT NULL,
  `order` int(11) NOT NULL COMMENT '排序号',
  `rw` varchar(256) CHARACTER SET ascii COLLATE ascii_bin DEFAULT NULL COMMENT '配合accessfun的rw进行权限验证',
  `r` char(1) CHARACTER SET ascii COLLATE ascii_bin NOT NULL COMMENT '读类型（测试功能）：0都可读，1向上读（子角色能读父级角色的数据），2向下读',
  `w` char(1) CHARACTER SET ascii COLLATE ascii_bin NOT NULL COMMENT '写类型（测试功能）：0都可写，1向上写（子角色能修改父级角色的数据），2向下写',
  `createtime` datetime NOT NULL,
  `updatetime` datetime NOT NULL,
  `creator` char(21) COLLATE utf8mb4_bin NOT NULL,
  `code` char(4) CHARACTER SET ascii COLLATE ascii_bin NOT NULL,
  `fullcode` varchar(128) CHARACTER SET ascii COLLATE ascii_bin DEFAULT NULL,
  `rcode` varchar(128) COLLATE utf8mb4_bin NOT NULL,
  PRIMARY KEY (`id`),
  UNIQUE KEY `pid_code` (`pid`,`code`),
  UNIQUE KEY `fullcode` (`fullcode`),
  KEY `srvid` (`srvid`),
  CONSTRAINT `xs_g2d1_role_ibfk_1` FOREIGN KEY (`pid`) REFERENCES `xs_g2d1_role` (`id`),
  CONSTRAINT `xs_g2d1_role_ibfk_2` FOREIGN KEY (`srvid`) REFERENCES `xs_g2d1_server` (`id`)
) ENGINE=InnoDB DEFAULT CHARSET=utf8mb4 COLLATE=utf8mb4_bin COMMENT='角色';

/*Data for the table `xs_g2d1_role` */

insert  into `xs_g2d1_role`(`id`,`pid`,`srvid`,`name`,`delable`,`description`,`order`,`rw`,`r`,`w`,`createtime`,`updatetime`,`creator`,`code`,`fullcode`,`rcode`) values ('00It4100056dxWQmliyTe','01bYjd0001F2q01XGHObO','00It4100002dxWQmliyTe','服务商根角色',0,'系统初始化创建',100,NULL,'2','2','2018-12-06 21:30:32','2018-12-06 21:30:32','00It4100001dxWQmliyTe','0001','00010001','0001'),('01bYjd0001F2q01XGHObO',NULL,'00It4100002dxWQmliyTe','超级角色',0,'系统初始化创建',100,NULL,'2','2','2018-12-06 21:30:32','2018-12-06 21:30:32','00It4100001dxWQmliyTe','0001','0001','0001'),('01bYjd0001rof01XGHObO','00It4100056dxWQmliyTe','00It4100002dxWQmliyTe','系统服务商管理员',0,'默认创建',100,NULL,'2','2','2018-12-06 21:30:32','2018-12-06 21:30:32','00It4100001dxWQmliyTe','0001','000100010001','000100010001'),('01bYjd00029Xg01XGHObO','01bYjd0001rof01XGHObO','00It4100002dxWQmliyTe','引用桥梁根角色',0,'默认创建',100,NULL,'2','2','2018-12-06 21:30:32','2018-12-06 21:30:32','00It4100001dxWQmliyTe','0001','0001000100010001','000100010001'),('01bYjd0002YVD01XGHObO','01bYjd0001rof01XGHObO','00It4100002dxWQmliyTe','普通角色',0,'用户默认角色',200,NULL,'2','2','2018-12-06 21:30:32','2018-12-06 21:30:32','00It4100001dxWQmliyTe','0002','0001000100010002','000100010001'),('01bYjd0007R1L01XGHObO','01bYjd00029Xg01XGHObO','00It4100002dxWQmliyTe','系统服务-桥梁角色',0,'对于ui类型的服务，通过设置该角色可访问的接口与菜单，来控制引用方的权限。',100,NULL,'2','2','2018-12-06 21:30:33','2018-12-06 21:30:33','00It4100001dxWQmliyTe','0001','00010001000100010001','000100010001'),('01bYjd003K5dw01XGHObO','00It4100056dxWQmliyTe','01bYjd003LCK201XGHObO','溪山科技技术外包组管理员',0,'默认创建',200,NULL,'2','2','2018-12-06 21:34:10','2018-12-06 21:34:10','00It4100001dxWQmliyTe','0002','000100010002','000100010002'),('01bYjd003KD1S01XGHObO','01bYjd003K5dw01XGHObO','01bYjd003LCK201XGHObO','引用桥梁根角色',0,'默认创建',100,NULL,'2','2','2018-12-06 21:34:10','2018-12-06 21:34:10','00It4100001dxWQmliyTe','0001','0001000100020001','000100010002'),('01bYjd003KoGw01XGHObO','01bYjd003K5dw01XGHObO','01bYjd003LCK201XGHObO','普通角色',0,'用户默认角色',200,NULL,'2','2','2018-12-06 21:34:10','2018-12-06 21:34:10','00It4100001dxWQmliyTe','0002','0001000100020002','000100010002'),('01bYjd003LmhO01XGHObO','01bYjd003KD1S01XGHObO','01bYjd003LCK201XGHObO','本科生导师双选系统(本地)-桥梁角色',0,'对于ui类型的服务，通过设置该角色可访问的接口与菜单，来控制引用方的权限。',100,NULL,'2','2','2018-12-06 21:34:10','2018-12-06 21:34:10','00It4100001dxWQmliyTe','0001','00010001000200010001','000100010002'),('01bZFe000A02U01XGHObO','00It4100056dxWQmliyTe','01bZFe000BfGx01XGHObO','建筑与城市规划学院管理员',0,'默认创建',300,NULL,'2','2','2018-12-06 22:08:07','2018-12-06 22:08:07','00It4100001dxWQmliyTe','0003','000100010003','000100010003'),('01bZFe000Aijz01XGHObO','01bZFe000A02U01XGHObO','01bZFe000BfGx01XGHObO','引用桥梁根角色',0,'默认创建',100,NULL,'2','2','2018-12-06 22:08:07','2018-12-06 22:08:07','00It4100001dxWQmliyTe','0001','0001000100030001','000100010003'),('01bZFe000BYNt01XGHObO','01bZFe000A02U01XGHObO','01bZFe000BfGx01XGHObO','普通角色',0,'用户默认角色',200,NULL,'2','2','2018-12-06 22:08:07','2018-12-06 22:08:07','00It4100001dxWQmliyTe','0002','0001000100030002','000100010003'),('01bZFe000CSU701XGHObO','01bZFe000Aijz01XGHObO','01bZFe000BfGx01XGHObO','建筑与城市规划学院-默认服务-桥梁角色',0,'对于ui类型的服务，通过设置该角色可访问的接口与菜单，来控制引用方的权限。',100,NULL,'2','2','2018-12-06 22:08:07','2018-12-06 22:08:07','00It4100001dxWQmliyTe','0001','00010001000300010001','000100010003'),('01biLP001VtDa01XGHObO','01bYjd003KD1S01XGHObO','01bYjd003LCK201XGHObO','任务管理-桥梁角色',0,'对于ui类型的服务，通过设置该角色可访问的接口与菜单，来控制引用方的权限。',200,NULL,'2','2','2018-12-07 09:27:23','2018-12-07 09:27:23','00It4100001dxWQmliyTe','0002','00010001000200010002','000100010002'),('01cs9i0004AGH01XGHObO','01bYjd003KD1S01XGHObO','01bYjd003LCK201XGHObO','本科生导师双选系统-桥梁角色',0,'对于ui类型的服务，通过设置该角色可访问的接口与菜单，来控制引用方的权限。',300,NULL,'2','2','2018-12-10 17:30:16','2018-12-10 17:30:16','00It4100001dxWQmliyTe','0003','00010001000200010003','000100010002'),('01d1bx000UOKL01XGHObO','00It4100056dxWQmliyTe','01d1bx000VruI01XGHObO','测试服务商管理员',0,'默认创建',400,NULL,'2','2','2018-12-11 09:28:23','2018-12-11 09:28:23','00It4100001dxWQmliyTe','0004','000100010004','000100010004'),('01d1bx000UTtL01XGHObO','01d1bx000UOKL01XGHObO','01d1bx000VruI01XGHObO','引用桥梁根角色',0,'默认创建',100,NULL,'2','2','2018-12-11 09:28:23','2018-12-11 09:28:23','00It4100001dxWQmliyTe','0001','0001000100040001','000100010004'),('01d1bx000VGkh01XGHObO','01d1bx000UOKL01XGHObO','01d1bx000VruI01XGHObO','普通角色',0,'用户默认角色',200,NULL,'2','2','2018-12-11 09:28:23','2018-12-11 09:28:23','00It4100001dxWQmliyTe','0002','0001000100040002','000100010004'),('01d1bx000W4l901XGHObO','01d1bx000UTtL01XGHObO','01d1bx000VruI01XGHObO','测试服务商-默认服务-桥梁角色',0,'对于ui类型的服务，通过设置该角色可访问的接口与菜单，来控制引用方的权限。',100,NULL,'2','2','2018-12-11 09:28:23','2018-12-11 09:28:23','00It4100001dxWQmliyTe','0001','00010001000400010001','000100010004');

/*Table structure for table `xs_g2d1_rolefun` */

DROP TABLE IF EXISTS `xs_g2d1_rolefun`;

CREATE TABLE `xs_g2d1_rolefun` (
  `id` char(21) CHARACTER SET ascii COLLATE ascii_bin NOT NULL,
  `srvid` char(21) CHARACTER SET ascii COLLATE ascii_bin NOT NULL,
  `rid` char(21) CHARACTER SET ascii COLLATE ascii_bin NOT NULL,
  `afid` char(21) CHARACTER SET ascii COLLATE ascii_bin NOT NULL,
  `createtime` datetime NOT NULL,
  `creator` char(21) CHARACTER SET ascii COLLATE ascii_bin NOT NULL,
  `rcode` varchar(128) CHARACTER SET ascii COLLATE ascii_bin NOT NULL,
  PRIMARY KEY (`id`),
  UNIQUE KEY `afid_rid` (`afid`,`rid`),
  KEY `rid` (`rid`),
  CONSTRAINT `xs_g2d1_rolefun_ibfk_1` FOREIGN KEY (`afid`) REFERENCES `xs_g2d1_accessfun` (`id`) ON DELETE CASCADE,
  CONSTRAINT `xs_g2d1_rolefun_ibfk_2` FOREIGN KEY (`rid`) REFERENCES `xs_g2d1_role` (`id`) ON DELETE CASCADE
) ENGINE=InnoDB DEFAULT CHARSET=utf8mb4 COLLATE=utf8mb4_bin COMMENT='角色可访问的接口关联表';

/*Data for the table `xs_g2d1_rolefun` */

insert  into `xs_g2d1_rolefun`(`id`,`srvid`,`rid`,`afid`,`createtime`,`creator`,`rcode`) values ('01bYjd002GBw301XGHObO','00It4100002dxWQmliyTe','01bYjd0007R1L01XGHObO','01bYjd001TvJQ01XGHObO','2018-12-06 21:33:12','00It4100001dxWQmliyTe','0001'),('01bYjd002GIcN01XGHObO','00It4100002dxWQmliyTe','01bYjd0007R1L01XGHObO','01bYjd001mkxE01XGHObO','2018-12-06 21:33:12','00It4100001dxWQmliyTe','0001'),('01bYjd002GTgq01XGHObO','00It4100002dxWQmliyTe','01bYjd0007R1L01XGHObO','01bYjd001sz6c01XGHObO','2018-12-06 21:33:12','00It4100001dxWQmliyTe','0001'),('01bYjd002HbbC01XGHObO','00It4100002dxWQmliyTe','01bYjd0007R1L01XGHObO','01bYjd001yM7o01XGHObO','2018-12-06 21:33:12','00It4100001dxWQmliyTe','0001'),('01bYjd002HgqG01XGHObO','00It4100002dxWQmliyTe','01bYjd0007R1L01XGHObO','01bYjd001IHIF01XGHObO','2018-12-06 21:33:12','00It4100001dxWQmliyTe','0001'),('01bYjd002Hypv01XGHObO','00It4100002dxWQmliyTe','01bYjd0007R1L01XGHObO','01bYjd000yRdc01XGHObO','2018-12-06 21:33:12','00It4100001dxWQmliyTe','0001'),('01bYjd002If4b01XGHObO','00It4100002dxWQmliyTe','01bYjd0007R1L01XGHObO','01bYjd000vabB01XGHObO','2018-12-06 21:33:12','00It4100001dxWQmliyTe','0001'),('01bYjd002IiNc01XGHObO','00It4100002dxWQmliyTe','01bYjd0007R1L01XGHObO','01bYjd001vWn801XGHObO','2018-12-06 21:33:12','00It4100001dxWQmliyTe','0001'),('01bYjd002JXvm01XGHObO','00It4100002dxWQmliyTe','01bYjd0007R1L01XGHObO','01bYjd000aSZw01XGHObO','2018-12-06 21:33:12','00It4100001dxWQmliyTe','0001'),('01bYjd002KI7z01XGHObO','00It4100002dxWQmliyTe','01bYjd0007R1L01XGHObO','01bYjd000hoNX01XGHObO','2018-12-06 21:33:12','00It4100001dxWQmliyTe','0001'),('01bYjd002LDpn01XGHObO','00It4100002dxWQmliyTe','01bYjd0007R1L01XGHObO','01bYjd001hDDS01XGHObO','2018-12-06 21:33:12','00It4100001dxWQmliyTe','0001'),('01bYjd002MAg901XGHObO','00It4100002dxWQmliyTe','01bYjd0007R1L01XGHObO','01bYjd000rPeY01XGHObO','2018-12-06 21:33:12','00It4100001dxWQmliyTe','0001'),('01bYjd002My_V01XGHObO','00It4100002dxWQmliyTe','01bYjd0007R1L01XGHObO','01bYjd002528401XGHObO','2018-12-06 21:33:12','00It4100001dxWQmliyTe','0001'),('01bYjd002P28P01XGHObO','00It4100002dxWQmliyTe','01bYjd0007R1L01XGHObO','01bYjd000xTr501XGHObO','2018-12-06 21:33:12','00It4100001dxWQmliyTe','0001'),('01bYjd002P_Vu01XGHObO','00It4100002dxWQmliyTe','01bYjd0007R1L01XGHObO','01bYjd000d8GX01XGHObO','2018-12-06 21:33:12','00It4100001dxWQmliyTe','0001'),('01bYjd002Pd3101XGHObO','00It4100002dxWQmliyTe','01bYjd0007R1L01XGHObO','01bYjd000yhMH01XGHObO','2018-12-06 21:33:12','00It4100001dxWQmliyTe','0001'),('01bYjd002PzHb01XGHObO','00It4100002dxWQmliyTe','01bYjd0007R1L01XGHObO','01bYjd001Rmqj01XGHObO','2018-12-06 21:33:12','00It4100001dxWQmliyTe','0001'),('01bYjd002Q4D301XGHObO','00It4100002dxWQmliyTe','01bYjd0007R1L01XGHObO','01bYjd001yJOR01XGHObO','2018-12-06 21:33:12','00It4100001dxWQmliyTe','0001'),('01bYjd002ROHS01XGHObO','00It4100002dxWQmliyTe','01bYjd0007R1L01XGHObO','01bYjd0011cej01XGHObO','2018-12-06 21:33:12','00It4100001dxWQmliyTe','0001'),('01bYjd002Rnhr01XGHObO','00It4100002dxWQmliyTe','01bYjd0007R1L01XGHObO','01bYjd001lVKZ01XGHObO','2018-12-06 21:33:12','00It4100001dxWQmliyTe','0001'),('01bYjd002SDUB01XGHObO','00It4100002dxWQmliyTe','01bYjd0007R1L01XGHObO','01bYjd001qmx301XGHObO','2018-12-06 21:33:12','00It4100001dxWQmliyTe','0001'),('01bYjd002SWKQ01XGHObO','00It4100002dxWQmliyTe','01bYjd0007R1L01XGHObO','01bYjd000XRWZ01XGHObO','2018-12-06 21:33:12','00It4100001dxWQmliyTe','0001'),('01bYjd002SrKy01XGHObO','00It4100002dxWQmliyTe','01bYjd0007R1L01XGHObO','01bYjd001h2Tj01XGHObO','2018-12-06 21:33:12','00It4100001dxWQmliyTe','0001'),('01bYjd002TLF801XGHObO','00It4100002dxWQmliyTe','01bYjd0007R1L01XGHObO','01bYjd000grIr01XGHObO','2018-12-06 21:33:12','00It4100001dxWQmliyTe','0001'),('01bYjd002Tv4F01XGHObO','00It4100002dxWQmliyTe','01bYjd0007R1L01XGHObO','01bYjd00107Qe01XGHObO','2018-12-06 21:33:12','00It4100001dxWQmliyTe','0001'),('01bYjd002U2Fo01XGHObO','00It4100002dxWQmliyTe','01bYjd0007R1L01XGHObO','01bYjd000k7hf01XGHObO','2018-12-06 21:33:12','00It4100001dxWQmliyTe','0001'),('01bYjd002Uxxn01XGHObO','00It4100002dxWQmliyTe','01bYjd0007R1L01XGHObO','01bYjd000jMGQ01XGHObO','2018-12-06 21:33:12','00It4100001dxWQmliyTe','0001'),('01bYjd002VtdY01XGHObO','00It4100002dxWQmliyTe','01bYjd0007R1L01XGHObO','01bYjd001FudJ01XGHObO','2018-12-06 21:33:12','00It4100001dxWQmliyTe','0001'),('01bYjd002VzfX01XGHObO','00It4100002dxWQmliyTe','01bYjd0007R1L01XGHObO','01bYjd001jpX901XGHObO','2018-12-06 21:33:12','00It4100001dxWQmliyTe','0001'),('01bYjd002WZcO01XGHObO','00It4100002dxWQmliyTe','01bYjd0007R1L01XGHObO','01bYjd000aOHV01XGHObO','2018-12-06 21:33:12','00It4100001dxWQmliyTe','0001'),('01bYjd002X3au01XGHObO','00It4100002dxWQmliyTe','01bYjd0007R1L01XGHObO','01bYjd0013quu01XGHObO','2018-12-06 21:33:12','00It4100001dxWQmliyTe','0001'),('01bYjd002Xy2601XGHObO','00It4100002dxWQmliyTe','01bYjd0007R1L01XGHObO','01bYjd000dfaf01XGHObO','2018-12-06 21:33:12','00It4100001dxWQmliyTe','0001'),('01bYjd002YBnf01XGHObO','00It4100002dxWQmliyTe','01bYjd0007R1L01XGHObO','01bYjd000oZGO01XGHObO','2018-12-06 21:33:12','00It4100001dxWQmliyTe','0001'),('01bYjd002YW1h01XGHObO','00It4100002dxWQmliyTe','01bYjd0007R1L01XGHObO','01bYjd0018t8S01XGHObO','2018-12-06 21:33:12','00It4100001dxWQmliyTe','0001'),('01bYjd002YZ_V01XGHObO','00It4100002dxWQmliyTe','01bYjd0007R1L01XGHObO','01bYjd001w9ed01XGHObO','2018-12-06 21:33:12','00It4100001dxWQmliyTe','0001'),('01bYjd002ZIJ401XGHObO','00It4100002dxWQmliyTe','01bYjd0007R1L01XGHObO','01bYjd000uxcY01XGHObO','2018-12-06 21:33:12','00It4100001dxWQmliyTe','0001'),('01bYjd002Zv1K01XGHObO','00It4100002dxWQmliyTe','01bYjd0007R1L01XGHObO','01bYjd0025qdW01XGHObO','2018-12-06 21:33:12','00It4100001dxWQmliyTe','0001'),('01bYjd002_Buw01XGHObO','00It4100002dxWQmliyTe','01bYjd0007R1L01XGHObO','01bYjd0015EeD01XGHObO','2018-12-06 21:33:12','00It4100001dxWQmliyTe','0001'),('01bYjd002_Jzc01XGHObO','00It4100002dxWQmliyTe','01bYjd0007R1L01XGHObO','01bYjd000sBrV01XGHObO','2018-12-06 21:33:12','00It4100001dxWQmliyTe','0001'),('01bYjd002_XzE01XGHObO','00It4100002dxWQmliyTe','01bYjd0007R1L01XGHObO','01bYjd000_Ujm01XGHObO','2018-12-06 21:33:12','00It4100001dxWQmliyTe','0001'),('01bYjd002a55S01XGHObO','00It4100002dxWQmliyTe','01bYjd0007R1L01XGHObO','01bYjd001AoKV01XGHObO','2018-12-06 21:33:12','00It4100001dxWQmliyTe','0001'),('01bYjd002aJud01XGHObO','00It4100002dxWQmliyTe','01bYjd0007R1L01XGHObO','01bYjd0010xoj01XGHObO','2018-12-06 21:33:12','00It4100001dxWQmliyTe','0001'),('01bYjd002aSNl01XGHObO','00It4100002dxWQmliyTe','01bYjd0007R1L01XGHObO','01bYjd001rmR501XGHObO','2018-12-06 21:33:12','00It4100001dxWQmliyTe','0001'),('01bYjd002bN0A01XGHObO','00It4100002dxWQmliyTe','01bYjd0007R1L01XGHObO','01bYjd001AT0j01XGHObO','2018-12-06 21:33:12','00It4100001dxWQmliyTe','0001'),('01bYjd002bxId01XGHObO','00It4100002dxWQmliyTe','01bYjd0007R1L01XGHObO','01bYjd0023kSi01XGHObO','2018-12-06 21:33:12','00It4100001dxWQmliyTe','0001'),('01bYjd002cTo_01XGHObO','00It4100002dxWQmliyTe','01bYjd0007R1L01XGHObO','01bYjd000iYGm01XGHObO','2018-12-06 21:33:12','00It4100001dxWQmliyTe','0001'),('01bYjd002dFd_01XGHObO','00It4100002dxWQmliyTe','01bYjd0007R1L01XGHObO','01bYjd000gSow01XGHObO','2018-12-06 21:33:12','00It4100001dxWQmliyTe','0001'),('01bYjd002e2Jq01XGHObO','00It4100002dxWQmliyTe','01bYjd0007R1L01XGHObO','01bYjd0019qw201XGHObO','2018-12-06 21:33:12','00It4100001dxWQmliyTe','0001'),('01bYjd002eXbv01XGHObO','00It4100002dxWQmliyTe','01bYjd0007R1L01XGHObO','01bYjd001jzmb01XGHObO','2018-12-06 21:33:12','00It4100001dxWQmliyTe','0001'),('01bYjd002eb8p01XGHObO','00It4100002dxWQmliyTe','01bYjd0007R1L01XGHObO','01bYjd001AiOD01XGHObO','2018-12-06 21:33:12','00It4100001dxWQmliyTe','0001'),('01bYjd002ezxQ01XGHObO','00It4100002dxWQmliyTe','01bYjd0007R1L01XGHObO','01bYjd001gUyc01XGHObO','2018-12-06 21:33:12','00It4100001dxWQmliyTe','0001'),('01bYjd002f2R201XGHObO','00It4100002dxWQmliyTe','01bYjd0007R1L01XGHObO','01bYjd0024ccv01XGHObO','2018-12-06 21:33:12','00It4100001dxWQmliyTe','0001'),('01bYjd002fOFi01XGHObO','00It4100002dxWQmliyTe','01bYjd0007R1L01XGHObO','01bYjd000lAXg01XGHObO','2018-12-06 21:33:12','00It4100001dxWQmliyTe','0001'),('01bYjd002g8aM01XGHObO','00It4100002dxWQmliyTe','01bYjd0007R1L01XGHObO','01bYjd0017NDo01XGHObO','2018-12-06 21:33:12','00It4100001dxWQmliyTe','0001'),('01bYjd002gjo701XGHObO','00It4100002dxWQmliyTe','01bYjd0007R1L01XGHObO','01bYjd001kfDs01XGHObO','2018-12-06 21:33:12','00It4100001dxWQmliyTe','0001'),('01bYjd002gsjg01XGHObO','00It4100002dxWQmliyTe','01bYjd0007R1L01XGHObO','01bYjd001uxE901XGHObO','2018-12-06 21:33:12','00It4100001dxWQmliyTe','0001'),('01bYjd002hp6j01XGHObO','00It4100002dxWQmliyTe','01bYjd0007R1L01XGHObO','01bYjd001g6lC01XGHObO','2018-12-06 21:33:12','00It4100001dxWQmliyTe','0001'),('01bYjd002hs6r01XGHObO','00It4100002dxWQmliyTe','01bYjd0007R1L01XGHObO','01bYjd000dHdv01XGHObO','2018-12-06 21:33:12','00It4100001dxWQmliyTe','0001'),('01bYjd002iDZB01XGHObO','00It4100002dxWQmliyTe','01bYjd0007R1L01XGHObO','01bYjd000aU1W01XGHObO','2018-12-06 21:33:12','00It4100001dxWQmliyTe','0001'),('01bYjd002imrw01XGHObO','00It4100002dxWQmliyTe','01bYjd0007R1L01XGHObO','01bYjd001I9vd01XGHObO','2018-12-06 21:33:12','00It4100001dxWQmliyTe','0001'),('01bYjd002in6W01XGHObO','00It4100002dxWQmliyTe','01bYjd0007R1L01XGHObO','01bYjd0018dDB01XGHObO','2018-12-06 21:33:12','00It4100001dxWQmliyTe','0001'),('01bYjd002jJ7501XGHObO','00It4100002dxWQmliyTe','01bYjd0007R1L01XGHObO','01bYjd001tDmi01XGHObO','2018-12-06 21:33:12','00It4100001dxWQmliyTe','0001'),('01bYjd002k0kO01XGHObO','00It4100002dxWQmliyTe','01bYjd0007R1L01XGHObO','01bYjd001Hq3o01XGHObO','2018-12-06 21:33:12','00It4100001dxWQmliyTe','0001'),('01bYjd002kpsH01XGHObO','00It4100002dxWQmliyTe','01bYjd0007R1L01XGHObO','01bYjd0013pok01XGHObO','2018-12-06 21:33:12','00It4100001dxWQmliyTe','0001'),('01bYjd002lBrV01XGHObO','00It4100002dxWQmliyTe','01bYjd0007R1L01XGHObO','01bYjd0014i2501XGHObO','2018-12-06 21:33:12','00It4100001dxWQmliyTe','0001'),('01bYjd002lIGZ01XGHObO','00It4100002dxWQmliyTe','01bYjd0007R1L01XGHObO','01bYjd001jUxm01XGHObO','2018-12-06 21:33:12','00It4100001dxWQmliyTe','0001'),('01bYjd002m2Y701XGHObO','00It4100002dxWQmliyTe','01bYjd0007R1L01XGHObO','01bYjd000njhk01XGHObO','2018-12-06 21:33:12','00It4100001dxWQmliyTe','0001'),('01bYjd002mujy01XGHObO','00It4100002dxWQmliyTe','01bYjd0007R1L01XGHObO','01bYjd000Y50C01XGHObO','2018-12-06 21:33:12','00It4100001dxWQmliyTe','0001'),('01bYjd002n5Gm01XGHObO','00It4100002dxWQmliyTe','01bYjd0007R1L01XGHObO','01bYjd000ebbA01XGHObO','2018-12-06 21:33:12','00It4100001dxWQmliyTe','0001'),('01bYjd002nh1R01XGHObO','00It4100002dxWQmliyTe','01bYjd0007R1L01XGHObO','01bYjd000pSLh01XGHObO','2018-12-06 21:33:12','00It4100001dxWQmliyTe','0001'),('01bYjd002oFKn01XGHObO','00It4100002dxWQmliyTe','01bYjd0007R1L01XGHObO','01bYjd001uKei01XGHObO','2018-12-06 21:33:12','00It4100001dxWQmliyTe','0001'),('01bYjd002ofsT01XGHObO','00It4100002dxWQmliyTe','01bYjd0007R1L01XGHObO','01bYjd000YrGw01XGHObO','2018-12-06 21:33:12','00It4100001dxWQmliyTe','0001'),('01bYjd002p_3n01XGHObO','00It4100002dxWQmliyTe','01bYjd0007R1L01XGHObO','01bYjd001iCys01XGHObO','2018-12-06 21:33:12','00It4100001dxWQmliyTe','0001'),('01bYjd002qE6y01XGHObO','00It4100002dxWQmliyTe','01bYjd0007R1L01XGHObO','01bYjd000Y8nf01XGHObO','2018-12-06 21:33:12','00It4100001dxWQmliyTe','0001'),('01bYjd002qy7A01XGHObO','00It4100002dxWQmliyTe','01bYjd0007R1L01XGHObO','01bYjd001IgpA01XGHObO','2018-12-06 21:33:12','00It4100001dxWQmliyTe','0001'),('01bYjd002rmEz01XGHObO','00It4100002dxWQmliyTe','01bYjd0007R1L01XGHObO','01bYjd001mD_s01XGHObO','2018-12-06 21:33:12','00It4100001dxWQmliyTe','0001'),('01bYjd002s_Al01XGHObO','00It4100002dxWQmliyTe','01bYjd0007R1L01XGHObO','01bYjd000Xnjd01XGHObO','2018-12-06 21:33:12','00It4100001dxWQmliyTe','0001'),('01bYjd002snyk01XGHObO','00It4100002dxWQmliyTe','01bYjd0007R1L01XGHObO','01bYjd000zssv01XGHObO','2018-12-06 21:33:12','00It4100001dxWQmliyTe','0001'),('01bYjd002t2TV01XGHObO','00It4100002dxWQmliyTe','01bYjd0007R1L01XGHObO','01bYjd001sgXi01XGHObO','2018-12-06 21:33:12','00It4100001dxWQmliyTe','0001'),('01bYjd002tpIn01XGHObO','00It4100002dxWQmliyTe','01bYjd0007R1L01XGHObO','01bYjd000nUPj01XGHObO','2018-12-06 21:33:12','00It4100001dxWQmliyTe','0001'),('01bYjd002u0QL01XGHObO','00It4100002dxWQmliyTe','01bYjd0007R1L01XGHObO','01bYjd000aGj_01XGHObO','2018-12-06 21:33:12','00It4100001dxWQmliyTe','0001'),('01bYjd002upd201XGHObO','00It4100002dxWQmliyTe','01bYjd0007R1L01XGHObO','01bYjd0018M4g01XGHObO','2018-12-06 21:33:12','00It4100001dxWQmliyTe','0001'),('01bYjd002v7gM01XGHObO','00It4100002dxWQmliyTe','01bYjd0007R1L01XGHObO','01bYjd000WJjt01XGHObO','2018-12-06 21:33:12','00It4100001dxWQmliyTe','0001'),('01bYjd002vKrj01XGHObO','00It4100002dxWQmliyTe','01bYjd0007R1L01XGHObO','01bYjd000tW4U01XGHObO','2018-12-06 21:33:12','00It4100001dxWQmliyTe','0001'),('01bYjd002vvee01XGHObO','00It4100002dxWQmliyTe','01bYjd0007R1L01XGHObO','01bYjd000kAW801XGHObO','2018-12-06 21:33:12','00It4100001dxWQmliyTe','0001'),('01bYjd002wpS401XGHObO','00It4100002dxWQmliyTe','01bYjd0007R1L01XGHObO','01bYjd0014ksq01XGHObO','2018-12-06 21:33:12','00It4100001dxWQmliyTe','0001'),('01bYjd002yM6001XGHObO','00It4100002dxWQmliyTe','01bYjd0007R1L01XGHObO','01bYjd0010fGz01XGHObO','2018-12-06 21:33:12','00It4100001dxWQmliyTe','0001'),('01bYjd002z2br01XGHObO','00It4100002dxWQmliyTe','01bYjd0007R1L01XGHObO','01bYjd000_w0B01XGHObO','2018-12-06 21:33:12','00It4100001dxWQmliyTe','0001'),('01bYjd002zUC501XGHObO','00It4100002dxWQmliyTe','01bYjd0007R1L01XGHObO','01bYjd001SRdc01XGHObO','2018-12-06 21:33:12','00It4100001dxWQmliyTe','0001'),('01bYjd002zzDs01XGHObO','00It4100002dxWQmliyTe','01bYjd0007R1L01XGHObO','01bYjd001umle01XGHObO','2018-12-06 21:33:12','00It4100001dxWQmliyTe','0001'),('01bYjd0030bXm01XGHObO','00It4100002dxWQmliyTe','01bYjd0007R1L01XGHObO','01bYjd0017VPR01XGHObO','2018-12-06 21:33:12','00It4100001dxWQmliyTe','0001'),('01bYjd0031HJr01XGHObO','00It4100002dxWQmliyTe','01bYjd0007R1L01XGHObO','01bYjd000WYSU01XGHObO','2018-12-06 21:33:12','00It4100001dxWQmliyTe','0001'),('01bYjd0031s1s01XGHObO','00It4100002dxWQmliyTe','01bYjd0007R1L01XGHObO','01bYjd001tG2j01XGHObO','2018-12-06 21:33:12','00It4100001dxWQmliyTe','0001'),('01bYjd00327eV01XGHObO','00It4100002dxWQmliyTe','01bYjd0007R1L01XGHObO','01bYjd001uuse01XGHObO','2018-12-06 21:33:12','00It4100001dxWQmliyTe','0001'),('01bYjd0032JrT01XGHObO','00It4100002dxWQmliyTe','01bYjd0007R1L01XGHObO','01bYjd000mYQD01XGHObO','2018-12-06 21:33:12','00It4100001dxWQmliyTe','0001'),('01bYjd0032oZe01XGHObO','00It4100002dxWQmliyTe','01bYjd0007R1L01XGHObO','01bYjd000lqs801XGHObO','2018-12-06 21:33:12','00It4100001dxWQmliyTe','0001'),('01bYjd0033YD301XGHObO','00It4100002dxWQmliyTe','01bYjd0007R1L01XGHObO','01bYjd000wCnl01XGHObO','2018-12-06 21:33:12','00It4100001dxWQmliyTe','0001'),('01bYjd0034N6J01XGHObO','00It4100002dxWQmliyTe','01bYjd0007R1L01XGHObO','01bYjd0025T0g01XGHObO','2018-12-06 21:33:12','00It4100001dxWQmliyTe','0001'),('01bYjd0035KY101XGHObO','00It4100002dxWQmliyTe','01bYjd0007R1L01XGHObO','01bYjd000wtOK01XGHObO','2018-12-06 21:33:12','00It4100001dxWQmliyTe','0001'),('01bYjd00361_c01XGHObO','00It4100002dxWQmliyTe','01bYjd0007R1L01XGHObO','01bYjd0010KEL01XGHObO','2018-12-06 21:33:12','00It4100001dxWQmliyTe','0001'),('01bYjd0036Yf001XGHObO','00It4100002dxWQmliyTe','01bYjd0007R1L01XGHObO','01bYjd000fJPh01XGHObO','2018-12-06 21:33:12','00It4100001dxWQmliyTe','0001'),('01bYjd0037U5e01XGHObO','00It4100002dxWQmliyTe','01bYjd0007R1L01XGHObO','01bYjd001Fdx501XGHObO','2018-12-06 21:33:12','00It4100001dxWQmliyTe','0001'),('01bYjd0037xa201XGHObO','00It4100002dxWQmliyTe','01bYjd0007R1L01XGHObO','01bYjd001qNNx01XGHObO','2018-12-06 21:33:12','00It4100001dxWQmliyTe','0001'),('01bYjd0038DSi01XGHObO','00It4100002dxWQmliyTe','01bYjd0007R1L01XGHObO','01bYjd001x3ER01XGHObO','2018-12-06 21:33:12','00It4100001dxWQmliyTe','0001'),('01bYjd0038t4q01XGHObO','00It4100002dxWQmliyTe','01bYjd0007R1L01XGHObO','01bYjd0017D1_01XGHObO','2018-12-06 21:33:12','00It4100001dxWQmliyTe','0001'),('01bYjd0039Ly101XGHObO','00It4100002dxWQmliyTe','01bYjd0007R1L01XGHObO','01bYjd0014Q4801XGHObO','2018-12-06 21:33:12','00It4100001dxWQmliyTe','0001'),('01bYjd003A9Tf01XGHObO','00It4100002dxWQmliyTe','01bYjd0007R1L01XGHObO','01bYjd000XFAj01XGHObO','2018-12-06 21:33:12','00It4100001dxWQmliyTe','0001'),('01bYjd003Adig01XGHObO','00It4100002dxWQmliyTe','01bYjd0007R1L01XGHObO','01bYjd001H6zy01XGHObO','2018-12-06 21:33:12','00It4100001dxWQmliyTe','0001'),('01bYjd003Aq5E01XGHObO','00It4100002dxWQmliyTe','01bYjd0007R1L01XGHObO','01bYjd0024_ij01XGHObO','2018-12-06 21:33:12','00It4100001dxWQmliyTe','0001'),('01bYjd003BcYI01XGHObO','00It4100002dxWQmliyTe','01bYjd0007R1L01XGHObO','01bYjd000fput01XGHObO','2018-12-06 21:33:12','00It4100001dxWQmliyTe','0001'),('01bYjd003CG8R01XGHObO','00It4100002dxWQmliyTe','01bYjd0007R1L01XGHObO','01bYjd0013Kwo01XGHObO','2018-12-06 21:33:12','00It4100001dxWQmliyTe','0001'),('01bYjd003CewU01XGHObO','00It4100002dxWQmliyTe','01bYjd0007R1L01XGHObO','01bYjd001pdcB01XGHObO','2018-12-06 21:33:12','00It4100001dxWQmliyTe','0001'),('01bYjd003DVuO01XGHObO','00It4100002dxWQmliyTe','01bYjd0007R1L01XGHObO','01bYjd001ip5m01XGHObO','2018-12-06 21:33:12','00It4100001dxWQmliyTe','0001'),('01bYjd003E9hX01XGHObO','00It4100002dxWQmliyTe','01bYjd0007R1L01XGHObO','01bYjd000sowZ01XGHObO','2018-12-06 21:33:12','00It4100001dxWQmliyTe','0001'),('01bYjd003EbY401XGHObO','00It4100002dxWQmliyTe','01bYjd0007R1L01XGHObO','01bYjd000r6w501XGHObO','2018-12-06 21:33:12','00It4100001dxWQmliyTe','0001'),('01bYjd003FJ6T01XGHObO','00It4100002dxWQmliyTe','01bYjd0007R1L01XGHObO','01bYjd000vKSt01XGHObO','2018-12-06 21:33:12','00It4100001dxWQmliyTe','0001'),('01bYjd003GBlI01XGHObO','00It4100002dxWQmliyTe','01bYjd0007R1L01XGHObO','01bYjd001gKty01XGHObO','2018-12-06 21:33:12','00It4100001dxWQmliyTe','0001'),('01bYjd003GHP001XGHObO','00It4100002dxWQmliyTe','01bYjd0007R1L01XGHObO','01bYjd000Zp9E01XGHObO','2018-12-06 21:33:12','00It4100001dxWQmliyTe','0001'),('01bYjd003H1Bx01XGHObO','00It4100002dxWQmliyTe','01bYjd0007R1L01XGHObO','01bYjd001TPHP01XGHObO','2018-12-06 21:33:12','00It4100001dxWQmliyTe','0001'),('01bYjd003HREh01XGHObO','00It4100002dxWQmliyTe','01bYjd0007R1L01XGHObO','01bYjd0012UD501XGHObO','2018-12-06 21:33:12','00It4100001dxWQmliyTe','0001'),('01bYjd003ICII01XGHObO','00It4100002dxWQmliyTe','01bYjd0007R1L01XGHObO','01bYjd000gboF01XGHObO','2018-12-06 21:33:12','00It4100001dxWQmliyTe','0001'),('01bYjd003IRmK01XGHObO','00It4100002dxWQmliyTe','01bYjd0007R1L01XGHObO','01bYjd000qNj501XGHObO','2018-12-06 21:33:12','00It4100001dxWQmliyTe','0001'),('01bYjd003IihO01XGHObO','00It4100002dxWQmliyTe','01bYjd0007R1L01XGHObO','01bYjd000l4hK01XGHObO','2018-12-06 21:33:12','00It4100001dxWQmliyTe','0001'),('01biLP000kjxy01XGHObO','01bYjd003LCK201XGHObO','01bYjd003LmhO01XGHObO','01biLP000UiMW01XGHObO','2018-12-07 09:19:57','01b_s_003EUiT01XGHObO','000100010002'),('01biLP000lgtj01XGHObO','01bYjd003LCK201XGHObO','01bYjd003LmhO01XGHObO','01biLP000gPgM01XGHObO','2018-12-07 09:19:57','01b_s_003EUiT01XGHObO','000100010002'),('01biLP000m9zb01XGHObO','01bYjd003LCK201XGHObO','01bYjd003LmhO01XGHObO','01biLP000PYOk01XGHObO','2018-12-07 09:19:57','01b_s_003EUiT01XGHObO','000100010002'),('01biLP000mqkD01XGHObO','01bYjd003LCK201XGHObO','01bYjd003LmhO01XGHObO','01biLP000dxEN01XGHObO','2018-12-07 09:19:57','01b_s_003EUiT01XGHObO','000100010002'),('01biLP000myaF01XGHObO','01bYjd003LCK201XGHObO','01bYjd003LmhO01XGHObO','01biLP000ZR3O01XGHObO','2018-12-07 09:19:57','01b_s_003EUiT01XGHObO','000100010002'),('01biLP000nX4d01XGHObO','01bYjd003LCK201XGHObO','01bYjd003LmhO01XGHObO','01biLP000cAJl01XGHObO','2018-12-07 09:19:57','01b_s_003EUiT01XGHObO','000100010002'),('01biLP000oX1601XGHObO','01bYjd003LCK201XGHObO','01bYjd003LmhO01XGHObO','01biLP000jTqT01XGHObO','2018-12-07 09:19:57','01b_s_003EUiT01XGHObO','000100010002'),('01biLP000osIf01XGHObO','01bYjd003LCK201XGHObO','01bYjd003LmhO01XGHObO','01biLP000TnEQ01XGHObO','2018-12-07 09:19:57','01b_s_003EUiT01XGHObO','000100010002'),('01biLP000pUlv01XGHObO','01bYjd003LCK201XGHObO','01bYjd003LmhO01XGHObO','01biLP000Pqub01XGHObO','2018-12-07 09:19:57','01b_s_003EUiT01XGHObO','000100010002'),('01biLP000q0RE01XGHObO','01bYjd003LCK201XGHObO','01bYjd003LmhO01XGHObO','01biLP000ibS501XGHObO','2018-12-07 09:19:57','01b_s_003EUiT01XGHObO','000100010002'),('01biLP000qUK101XGHObO','01bYjd003LCK201XGHObO','01bYjd003LmhO01XGHObO','01biLP000ezpT01XGHObO','2018-12-07 09:19:57','01b_s_003EUiT01XGHObO','000100010002'),('01biLP000rD9B01XGHObO','01bYjd003LCK201XGHObO','01bYjd003LmhO01XGHObO','01biLP000jGFc01XGHObO','2018-12-07 09:19:57','01b_s_003EUiT01XGHObO','000100010002'),('01biLP000s70301XGHObO','01bYjd003LCK201XGHObO','01bYjd003LmhO01XGHObO','01biLP000S8AP01XGHObO','2018-12-07 09:19:57','01b_s_003EUiT01XGHObO','000100010002'),('01biLP000sTlF01XGHObO','01bYjd003LCK201XGHObO','01bYjd003LmhO01XGHObO','01biLP000Vxk601XGHObO','2018-12-07 09:19:57','01b_s_003EUiT01XGHObO','000100010002'),('01biLP000tLxn01XGHObO','01bYjd003LCK201XGHObO','01bYjd003LmhO01XGHObO','01biLP000XyLb01XGHObO','2018-12-07 09:19:57','01b_s_003EUiT01XGHObO','000100010002'),('01biLP000u3ju01XGHObO','01bYjd003LCK201XGHObO','01bYjd003LmhO01XGHObO','01biLP000_Kf_01XGHObO','2018-12-07 09:19:57','01b_s_003EUiT01XGHObO','000100010002'),('01biLP000uBFF01XGHObO','01bYjd003LCK201XGHObO','01bYjd003LmhO01XGHObO','01biLP000ecNe01XGHObO','2018-12-07 09:19:57','01b_s_003EUiT01XGHObO','000100010002'),('01biLP000uLXv01XGHObO','01bYjd003LCK201XGHObO','01bYjd003LmhO01XGHObO','01biLP000W2Zb01XGHObO','2018-12-07 09:19:57','01b_s_003EUiT01XGHObO','000100010002'),('01biLP000vIHD01XGHObO','01bYjd003LCK201XGHObO','01bYjd003LmhO01XGHObO','01biLP000QiCw01XGHObO','2018-12-07 09:19:57','01b_s_003EUiT01XGHObO','000100010002'),('01biLP000vUiC01XGHObO','01bYjd003LCK201XGHObO','01bYjd003LmhO01XGHObO','01biLP000bOgT01XGHObO','2018-12-07 09:19:57','01b_s_003EUiT01XGHObO','000100010002'),('01biLP000vjaK01XGHObO','01bYjd003LCK201XGHObO','01bYjd003LmhO01XGHObO','01biLP000NSCt01XGHObO','2018-12-07 09:19:57','01b_s_003EUiT01XGHObO','000100010002'),('01biLP000vuWI01XGHObO','01bYjd003LCK201XGHObO','01bYjd003LmhO01XGHObO','01biLP000Zca301XGHObO','2018-12-07 09:19:57','01b_s_003EUiT01XGHObO','000100010002'),('01biLP000wJZu01XGHObO','01bYjd003LCK201XGHObO','01bYjd003LmhO01XGHObO','01biLP000XpFx01XGHObO','2018-12-07 09:19:57','01b_s_003EUiT01XGHObO','000100010002'),('01biLP000x0fz01XGHObO','01bYjd003LCK201XGHObO','01bYjd003LmhO01XGHObO','01biLP000b_tM01XGHObO','2018-12-07 09:19:57','01b_s_003EUiT01XGHObO','000100010002'),('01biLP000xpCy01XGHObO','01bYjd003LCK201XGHObO','01bYjd003LmhO01XGHObO','01biLP000Smx801XGHObO','2018-12-07 09:19:57','01b_s_003EUiT01XGHObO','000100010002'),('01biLP000yo_t01XGHObO','01bYjd003LCK201XGHObO','01bYjd003LmhO01XGHObO','01biLP000hYzX01XGHObO','2018-12-07 09:19:57','01b_s_003EUiT01XGHObO','000100010002'),('01biLP000zYit01XGHObO','01bYjd003LCK201XGHObO','01bYjd003LmhO01XGHObO','01biLP000Ou_c01XGHObO','2018-12-07 09:19:57','01b_s_003EUiT01XGHObO','000100010002'),('01biLP0010P5R01XGHObO','01bYjd003LCK201XGHObO','01bYjd003LmhO01XGHObO','01biLP000hgz701XGHObO','2018-12-07 09:19:57','01b_s_003EUiT01XGHObO','000100010002'),('01biLP0010RIL01XGHObO','01bYjd003LCK201XGHObO','01bYjd003LmhO01XGHObO','01biLP000dj9y01XGHObO','2018-12-07 09:19:57','01b_s_003EUiT01XGHObO','000100010002'),('01biLP0011LDn01XGHObO','01bYjd003LCK201XGHObO','01bYjd003LmhO01XGHObO','01biLP000RHZn01XGHObO','2018-12-07 09:19:57','01b_s_003EUiT01XGHObO','000100010002'),('01biLP00127px01XGHObO','01bYjd003LCK201XGHObO','01bYjd003LmhO01XGHObO','01biLP000gikr01XGHObO','2018-12-07 09:19:57','01b_s_003EUiT01XGHObO','000100010002'),('01biLP00131wg01XGHObO','01bYjd003LCK201XGHObO','01bYjd003LmhO01XGHObO','01biLP000WN8S01XGHObO','2018-12-07 09:19:57','01b_s_003EUiT01XGHObO','000100010002'),('01biLP0013TwZ01XGHObO','01bYjd003LCK201XGHObO','01bYjd003LmhO01XGHObO','01biLP000hYpO01XGHObO','2018-12-07 09:19:57','01b_s_003EUiT01XGHObO','000100010002'),('01biLP0014EuX01XGHObO','01bYjd003LCK201XGHObO','01bYjd003LmhO01XGHObO','01biLP000XZFt01XGHObO','2018-12-07 09:19:57','01b_s_003EUiT01XGHObO','000100010002'),('01biLP0015CzF01XGHObO','01bYjd003LCK201XGHObO','01bYjd003LmhO01XGHObO','01biLP000XBlj01XGHObO','2018-12-07 09:19:57','01b_s_003EUiT01XGHObO','000100010002'),('01biLP0015xHI01XGHObO','01bYjd003LCK201XGHObO','01bYjd003LmhO01XGHObO','01biLP000a81i01XGHObO','2018-12-07 09:19:57','01b_s_003EUiT01XGHObO','000100010002'),('01biLP0016Ldz01XGHObO','01bYjd003LCK201XGHObO','01bYjd003LmhO01XGHObO','01biLP000ZAoU01XGHObO','2018-12-07 09:19:57','01b_s_003EUiT01XGHObO','000100010002'),('01biLP0016S0Q01XGHObO','01bYjd003LCK201XGHObO','01bYjd003LmhO01XGHObO','01biLP000NkyJ01XGHObO','2018-12-07 09:19:57','01b_s_003EUiT01XGHObO','000100010002'),('01biLP0017C2_01XGHObO','01bYjd003LCK201XGHObO','01bYjd003LmhO01XGHObO','01biLP000OHRt01XGHObO','2018-12-07 09:19:57','01b_s_003EUiT01XGHObO','000100010002'),('01biLP0017dg501XGHObO','01bYjd003LCK201XGHObO','01bYjd003LmhO01XGHObO','01biLP000jczv01XGHObO','2018-12-07 09:19:57','01b_s_003EUiT01XGHObO','000100010002'),('01biLP00187IC01XGHObO','01bYjd003LCK201XGHObO','01bYjd003LmhO01XGHObO','01biLP000V4VY01XGHObO','2018-12-07 09:19:57','01b_s_003EUiT01XGHObO','000100010002'),('01biLP0018IOa01XGHObO','01bYjd003LCK201XGHObO','01bYjd003LmhO01XGHObO','01biLP000asot01XGHObO','2018-12-07 09:19:57','01b_s_003EUiT01XGHObO','000100010002'),('01biLP0018Ti701XGHObO','01bYjd003LCK201XGHObO','01bYjd003LmhO01XGHObO','01biLP000dwWh01XGHObO','2018-12-07 09:19:57','01b_s_003EUiT01XGHObO','000100010002'),('01biLP0018cZO01XGHObO','01bYjd003LCK201XGHObO','01bYjd003LmhO01XGHObO','01biLP000frEZ01XGHObO','2018-12-07 09:19:57','01b_s_003EUiT01XGHObO','000100010002'),('01biLP00197PB01XGHObO','01bYjd003LCK201XGHObO','01bYjd003LmhO01XGHObO','01biLP000XqjJ01XGHObO','2018-12-07 09:19:57','01b_s_003EUiT01XGHObO','000100010002'),('01ctQ3000naFf01XGHObO','00It4100002dxWQmliyTe','01bYjd0007R1L01XGHObO','01ctQ3000mv6f01XGHObO','2018-12-10 19:07:21','00It4100001dxWQmliyTe','0001'),('01ctQ3000nvpe01XGHObO','00It4100002dxWQmliyTe','01bYjd0007R1L01XGHObO','01ctQ3000mftS01XGHObO','2018-12-10 19:07:21','00It4100001dxWQmliyTe','0001'),('01ctQ3000o9t401XGHObO','00It4100002dxWQmliyTe','01bYjd0007R1L01XGHObO','01ctQ3000lYf901XGHObO','2018-12-10 19:07:21','00It4100001dxWQmliyTe','0001'),('01ctQ3000o_zi01XGHObO','00It4100002dxWQmliyTe','01bYjd0007R1L01XGHObO','01ctQ3000mPE601XGHObO','2018-12-10 19:07:21','00It4100001dxWQmliyTe','0001'),('01ctQ3000pBjh01XGHObO','00It4100002dxWQmliyTe','01bYjd0007R1L01XGHObO','01ctQ3000ly2701XGHObO','2018-12-10 19:07:21','00It4100001dxWQmliyTe','0001'),('01ctQ30012qRR01XGHObO','01bYjd003LCK201XGHObO','01cs9i0004AGH01XGHObO','01ctQ3000RFUt01XGHObO','2018-12-10 19:12:34','01bYjd003Impl01XGHObO','000100010002'),('01ctQ30012tKL01XGHObO','01bYjd003LCK201XGHObO','01cs9i0004AGH01XGHObO','01ctQ3000YXVy01XGHObO','2018-12-10 19:12:34','01bYjd003Impl01XGHObO','000100010002'),('01ctQ30013OeB01XGHObO','01bYjd003LCK201XGHObO','01cs9i0004AGH01XGHObO','01ctQ3000HJsK01XGHObO','2018-12-10 19:12:34','01bYjd003Impl01XGHObO','000100010002'),('01ctQ30013zlj01XGHObO','01bYjd003LCK201XGHObO','01cs9i0004AGH01XGHObO','01ctQ3000eldz01XGHObO','2018-12-10 19:12:34','01bYjd003Impl01XGHObO','000100010002'),('01ctQ30014HDY01XGHObO','01bYjd003LCK201XGHObO','01cs9i0004AGH01XGHObO','01ctQ3000FV5p01XGHObO','2018-12-10 19:12:34','01bYjd003Impl01XGHObO','000100010002'),('01ctQ30014_SN01XGHObO','01bYjd003LCK201XGHObO','01cs9i0004AGH01XGHObO','01ctQ3000VSJ_01XGHObO','2018-12-10 19:12:34','01bYjd003Impl01XGHObO','000100010002'),('01ctQ30014smM01XGHObO','01bYjd003LCK201XGHObO','01cs9i0004AGH01XGHObO','01ctQ3000OHzz01XGHObO','2018-12-10 19:12:34','01bYjd003Impl01XGHObO','000100010002'),('01ctQ300157V701XGHObO','01bYjd003LCK201XGHObO','01cs9i0004AGH01XGHObO','01ctQ3000Usmc01XGHObO','2018-12-10 19:12:34','01bYjd003Impl01XGHObO','000100010002'),('01ctQ300163Cx01XGHObO','01bYjd003LCK201XGHObO','01cs9i0004AGH01XGHObO','01ctQ3000atH301XGHObO','2018-12-10 19:12:34','01bYjd003Impl01XGHObO','000100010002'),('01ctQ30016_pK01XGHObO','01bYjd003LCK201XGHObO','01cs9i0004AGH01XGHObO','01ctQ3000JWcn01XGHObO','2018-12-10 19:12:34','01bYjd003Impl01XGHObO','000100010002'),('01ctQ30017Ndg01XGHObO','01bYjd003LCK201XGHObO','01cs9i0004AGH01XGHObO','01ctQ3000M8LC01XGHObO','2018-12-10 19:12:34','01bYjd003Impl01XGHObO','000100010002'),('01ctQ300188v001XGHObO','01bYjd003LCK201XGHObO','01cs9i0004AGH01XGHObO','01ctQ3000Nc8Q01XGHObO','2018-12-10 19:12:34','01bYjd003Impl01XGHObO','000100010002'),('01ctQ30018_S_01XGHObO','01bYjd003LCK201XGHObO','01cs9i0004AGH01XGHObO','01ctQ3000_n0G01XGHObO','2018-12-10 19:12:34','01bYjd003Impl01XGHObO','000100010002'),('01ctQ30019CYF01XGHObO','01bYjd003LCK201XGHObO','01cs9i0004AGH01XGHObO','01ctQ3000Smu601XGHObO','2018-12-10 19:12:34','01bYjd003Impl01XGHObO','000100010002'),('01ctQ30019wdM01XGHObO','01bYjd003LCK201XGHObO','01cs9i0004AGH01XGHObO','01ctQ3000Wkvq01XGHObO','2018-12-10 19:12:34','01bYjd003Impl01XGHObO','000100010002'),('01ctQ3001A3sM01XGHObO','01bYjd003LCK201XGHObO','01cs9i0004AGH01XGHObO','01ctQ3000fewY01XGHObO','2018-12-10 19:12:34','01bYjd003Impl01XGHObO','000100010002'),('01ctQ3001ACZV01XGHObO','01bYjd003LCK201XGHObO','01cs9i0004AGH01XGHObO','01ctQ3000_jJx01XGHObO','2018-12-10 19:12:34','01bYjd003Impl01XGHObO','000100010002'),('01ctQ3001AsI501XGHObO','01bYjd003LCK201XGHObO','01cs9i0004AGH01XGHObO','01ctQ3000LmjT01XGHObO','2018-12-10 19:12:34','01bYjd003Impl01XGHObO','000100010002'),('01ctQ3001BZCL01XGHObO','01bYjd003LCK201XGHObO','01cs9i0004AGH01XGHObO','01ctQ3000fyhB01XGHObO','2018-12-10 19:12:34','01bYjd003Impl01XGHObO','000100010002'),('01ctQ3001CNVx01XGHObO','01bYjd003LCK201XGHObO','01cs9i0004AGH01XGHObO','01ctQ3000XMOF01XGHObO','2018-12-10 19:12:34','01bYjd003Impl01XGHObO','000100010002'),('01ctQ3001CSuj01XGHObO','01bYjd003LCK201XGHObO','01cs9i0004AGH01XGHObO','01ctQ3000e3Cm01XGHObO','2018-12-10 19:12:34','01bYjd003Impl01XGHObO','000100010002'),('01ctQ3001CTkX01XGHObO','01bYjd003LCK201XGHObO','01cs9i0004AGH01XGHObO','01ctQ3000QJ_c01XGHObO','2018-12-10 19:12:34','01bYjd003Impl01XGHObO','000100010002'),('01ctQ3001Ctpn01XGHObO','01bYjd003LCK201XGHObO','01cs9i0004AGH01XGHObO','01ctQ3000LPe201XGHObO','2018-12-10 19:12:34','01bYjd003Impl01XGHObO','000100010002'),('01ctQ3001DkQQ01XGHObO','01bYjd003LCK201XGHObO','01cs9i0004AGH01XGHObO','01ctQ3000GUJs01XGHObO','2018-12-10 19:12:34','01bYjd003Impl01XGHObO','000100010002'),('01ctQ3001EWk_01XGHObO','01bYjd003LCK201XGHObO','01cs9i0004AGH01XGHObO','01ctQ3000_8sN01XGHObO','2018-12-10 19:12:34','01bYjd003Impl01XGHObO','000100010002'),('01ctQ3001FI8e01XGHObO','01bYjd003LCK201XGHObO','01cs9i0004AGH01XGHObO','01ctQ3000MjFn01XGHObO','2018-12-10 19:12:34','01bYjd003Impl01XGHObO','000100010002'),('01ctQ3001FdfA01XGHObO','01bYjd003LCK201XGHObO','01cs9i0004AGH01XGHObO','01ctQ3000UEBe01XGHObO','2018-12-10 19:12:34','01bYjd003Impl01XGHObO','000100010002'),('01ctQ3001GBcF01XGHObO','01bYjd003LCK201XGHObO','01cs9i0004AGH01XGHObO','01ctQ3000XJps01XGHObO','2018-12-10 19:12:34','01bYjd003Impl01XGHObO','000100010002'),('01ctQ3001H8d801XGHObO','01bYjd003LCK201XGHObO','01cs9i0004AGH01XGHObO','01ctQ3000JJf001XGHObO','2018-12-10 19:12:34','01bYjd003Impl01XGHObO','000100010002'),('01ctQ3001I2eB01XGHObO','01bYjd003LCK201XGHObO','01cs9i0004AGH01XGHObO','01ctQ3000gZG201XGHObO','2018-12-10 19:12:34','01bYjd003Impl01XGHObO','000100010002'),('01ctQ3001IEaa01XGHObO','01bYjd003LCK201XGHObO','01cs9i0004AGH01XGHObO','01ctQ3000WGz_01XGHObO','2018-12-10 19:12:34','01bYjd003Impl01XGHObO','000100010002'),('01ctQ3001Iuz401XGHObO','01bYjd003LCK201XGHObO','01cs9i0004AGH01XGHObO','01ctQ3000gzS801XGHObO','2018-12-10 19:12:34','01bYjd003Impl01XGHObO','000100010002'),('01ctQ3001JuMP01XGHObO','01bYjd003LCK201XGHObO','01cs9i0004AGH01XGHObO','01ctQ3000fjKA01XGHObO','2018-12-10 19:12:34','01bYjd003Impl01XGHObO','000100010002'),('01ctQ3001JukL01XGHObO','01bYjd003LCK201XGHObO','01cs9i0004AGH01XGHObO','01ctQ3000ErmI01XGHObO','2018-12-10 19:12:34','01bYjd003Impl01XGHObO','000100010002'),('01ctQ3001KK_s01XGHObO','01bYjd003LCK201XGHObO','01cs9i0004AGH01XGHObO','01ctQ3000d84L01XGHObO','2018-12-10 19:12:34','01bYjd003Impl01XGHObO','000100010002'),('01ctQ3001L7MK01XGHObO','01bYjd003LCK201XGHObO','01cs9i0004AGH01XGHObO','01ctQ3000cep201XGHObO','2018-12-10 19:12:34','01bYjd003Impl01XGHObO','000100010002'),('01ctQ3001LSfo01XGHObO','01bYjd003LCK201XGHObO','01cs9i0004AGH01XGHObO','01ctQ3000XuQs01XGHObO','2018-12-10 19:12:34','01bYjd003Impl01XGHObO','000100010002'),('01ctQ3001LrUV01XGHObO','01bYjd003LCK201XGHObO','01cs9i0004AGH01XGHObO','01ctQ3000R9Td01XGHObO','2018-12-10 19:12:34','01bYjd003Impl01XGHObO','000100010002'),('01ctQ3001Mp2W01XGHObO','01bYjd003LCK201XGHObO','01cs9i0004AGH01XGHObO','01ctQ3000K8q401XGHObO','2018-12-10 19:12:34','01bYjd003Impl01XGHObO','000100010002'),('01ctQ3001No5101XGHObO','01bYjd003LCK201XGHObO','01cs9i0004AGH01XGHObO','01ctQ3000PZOR01XGHObO','2018-12-10 19:12:34','01bYjd003Impl01XGHObO','000100010002'),('01ctQ3001OP7r01XGHObO','01bYjd003LCK201XGHObO','01cs9i0004AGH01XGHObO','01ctQ3000RuCj01XGHObO','2018-12-10 19:12:34','01bYjd003Impl01XGHObO','000100010002'),('01ctQ3001P8kl01XGHObO','01bYjd003LCK201XGHObO','01cs9i0004AGH01XGHObO','01ctQ3000ENa401XGHObO','2018-12-10 19:12:34','01bYjd003Impl01XGHObO','000100010002'),('01ctQ3001Pvb401XGHObO','01bYjd003LCK201XGHObO','01cs9i0004AGH01XGHObO','01ctQ3000c9FP01XGHObO','2018-12-10 19:12:34','01bYjd003Impl01XGHObO','000100010002'),('01ctQ3001QFRF01XGHObO','01bYjd003LCK201XGHObO','01cs9i0004AGH01XGHObO','01ctQ3000KU5n01XGHObO','2018-12-10 19:12:34','01bYjd003Impl01XGHObO','000100010002'),('01ctQ3001QMhd01XGHObO','01bYjd003LCK201XGHObO','01cs9i0004AGH01XGHObO','01ctQ3000II4Y01XGHObO','2018-12-10 19:12:34','01bYjd003Impl01XGHObO','000100010002'),('01ctQ3001Qlb901XGHObO','01bYjd003LCK201XGHObO','01cs9i0004AGH01XGHObO','01ctQ3000DYCv01XGHObO','2018-12-10 19:12:34','01bYjd003Impl01XGHObO','000100010002'),('01ctQ3001R4D401XGHObO','01bYjd003LCK201XGHObO','01cs9i0004AGH01XGHObO','01ctQ3000a7V601XGHObO','2018-12-10 19:12:34','01bYjd003Impl01XGHObO','000100010002'),('01ctQ3001S41701XGHObO','01bYjd003LCK201XGHObO','01cs9i0004AGH01XGHObO','01ctQ3000IgXy01XGHObO','2018-12-10 19:12:34','01bYjd003Impl01XGHObO','000100010002');

/*Table structure for table `xs_g2d1_rolemenuitem` */

DROP TABLE IF EXISTS `xs_g2d1_rolemenuitem`;

CREATE TABLE `xs_g2d1_rolemenuitem` (
  `id` char(21) CHARACTER SET ascii COLLATE ascii_bin NOT NULL,
  `srvid` char(21) CHARACTER SET ascii COLLATE ascii_bin NOT NULL,
  `rid` char(21) CHARACTER SET ascii COLLATE ascii_bin NOT NULL,
  `miid` char(21) CHARACTER SET ascii COLLATE ascii_bin NOT NULL,
  `createtime` datetime NOT NULL,
  `creator` char(21) CHARACTER SET ascii COLLATE ascii_bin NOT NULL,
  `rcode` varchar(128) CHARACTER SET ascii COLLATE ascii_bin NOT NULL,
  PRIMARY KEY (`id`),
  UNIQUE KEY `miid_rid` (`miid`,`rid`),
  KEY `rid` (`rid`),
  KEY `srvid` (`srvid`),
  CONSTRAINT `xs_g2d1_rolemenuitem_ibfk_1` FOREIGN KEY (`rid`) REFERENCES `xs_g2d1_role` (`id`) ON DELETE CASCADE,
  CONSTRAINT `xs_g2d1_rolemenuitem_ibfk_2` FOREIGN KEY (`miid`) REFERENCES `xs_g2d1_menuitem` (`id`) ON DELETE CASCADE
) ENGINE=InnoDB DEFAULT CHARSET=utf8mb4 COLLATE=utf8mb4_bin COMMENT='角色可访问的菜单项';

/*Data for the table `xs_g2d1_rolemenuitem` */

insert  into `xs_g2d1_rolemenuitem`(`id`,`srvid`,`rid`,`miid`,`createtime`,`creator`,`rcode`) values ('01bYjd000GQoi01XGHObO','00It4100002dxWQmliyTe','01bYjd0001rof01XGHObO','01bYjd000Cc8v01XGHObO','2018-12-06 21:30:33','00It4100001dxWQmliyTe','000100010001'),('01bYjd000HEgw01XGHObO','00It4100002dxWQmliyTe','01bYjd0001F2q01XGHObO','01bYjd000Cc8v01XGHObO','2018-12-06 21:30:33','00It4100001dxWQmliyTe','000100010001'),('01bYjd000Hqqg01XGHObO','00It4100002dxWQmliyTe','01bYjd0001rof01XGHObO','01bYjd000DMXH01XGHObO','2018-12-06 21:30:33','00It4100001dxWQmliyTe','000100010001'),('01bYjd000I9rn01XGHObO','00It4100002dxWQmliyTe','01bYjd0001F2q01XGHObO','01bYjd000DMXH01XGHObO','2018-12-06 21:30:33','00It4100001dxWQmliyTe','000100010001'),('01bYjd000J2gl01XGHObO','00It4100002dxWQmliyTe','01bYjd0001rof01XGHObO','01bYjd000EHem01XGHObO','2018-12-06 21:30:33','00It4100001dxWQmliyTe','000100010001'),('01bYjd000K1Oi01XGHObO','00It4100002dxWQmliyTe','01bYjd0001F2q01XGHObO','01bYjd000EHem01XGHObO','2018-12-06 21:30:33','00It4100001dxWQmliyTe','000100010001'),('01bYjd000KSOM01XGHObO','00It4100002dxWQmliyTe','01bYjd0001rof01XGHObO','01bYjd000EQ2601XGHObO','2018-12-06 21:30:33','00It4100001dxWQmliyTe','000100010001'),('01bYjd000Kh_201XGHObO','00It4100002dxWQmliyTe','01bYjd0001F2q01XGHObO','01bYjd000EQ2601XGHObO','2018-12-06 21:30:33','00It4100001dxWQmliyTe','000100010001'),('01bYjd000KlP501XGHObO','00It4100002dxWQmliyTe','01bYjd0001rof01XGHObO','01bYjd000FDxd01XGHObO','2018-12-06 21:30:33','00It4100001dxWQmliyTe','000100010001'),('01bYjd000L6st01XGHObO','00It4100002dxWQmliyTe','01bYjd0001F2q01XGHObO','01bYjd000FDxd01XGHObO','2018-12-06 21:30:33','00It4100001dxWQmliyTe','000100010001'),('01bYjd000LOsX01XGHObO','00It4100002dxWQmliyTe','01bYjd0001rof01XGHObO','01bYjd000FgDY01XGHObO','2018-12-06 21:30:33','00It4100001dxWQmliyTe','000100010001'),('01bYjd000LhAw01XGHObO','00It4100002dxWQmliyTe','01bYjd0001F2q01XGHObO','01bYjd000FgDY01XGHObO','2018-12-06 21:30:33','00It4100001dxWQmliyTe','000100010001'),('01bYjd000OFeT01XGHObO','00It4100002dxWQmliyTe','01bYjd0001rof01XGHObO','01bYjd000LoxH01XGHObO','2018-12-06 21:30:33','00It4100001dxWQmliyTe','000100010001'),('01bYjd000P4ar01XGHObO','00It4100002dxWQmliyTe','01bYjd0001F2q01XGHObO','01bYjd000LoxH01XGHObO','2018-12-06 21:30:33','00It4100001dxWQmliyTe','000100010001'),('01bYjd000PAUA01XGHObO','00It4100002dxWQmliyTe','01bYjd0001rof01XGHObO','01bYjd000MSVn01XGHObO','2018-12-06 21:30:33','00It4100001dxWQmliyTe','000100010001'),('01bYjd000P_FU01XGHObO','00It4100002dxWQmliyTe','01bYjd0001F2q01XGHObO','01bYjd000MSVn01XGHObO','2018-12-06 21:30:33','00It4100001dxWQmliyTe','000100010001'),('01bYjd000QJcy01XGHObO','00It4100002dxWQmliyTe','01bYjd0001rof01XGHObO','01bYjd000MylJ01XGHObO','2018-12-06 21:30:33','00It4100001dxWQmliyTe','000100010001'),('01bYjd000QhAi01XGHObO','00It4100002dxWQmliyTe','01bYjd0001F2q01XGHObO','01bYjd000MylJ01XGHObO','2018-12-06 21:30:33','00It4100001dxWQmliyTe','000100010001'),('01bYjd000Qi4801XGHObO','00It4100002dxWQmliyTe','01bYjd0001rof01XGHObO','01bYjd000NrnF01XGHObO','2018-12-06 21:30:33','00It4100001dxWQmliyTe','000100010001'),('01bYjd000RCCE01XGHObO','00It4100002dxWQmliyTe','01bYjd0001F2q01XGHObO','01bYjd000NrnF01XGHObO','2018-12-06 21:30:33','00It4100001dxWQmliyTe','000100010001'),('01bYjd000S7f601XGHObO','00It4100002dxWQmliyTe','01bYjd0001rof01XGHObO','01bYjd000O1r901XGHObO','2018-12-06 21:30:33','00It4100001dxWQmliyTe','000100010001'),('01bYjd000T3k001XGHObO','00It4100002dxWQmliyTe','01bYjd0001F2q01XGHObO','01bYjd000O1r901XGHObO','2018-12-06 21:30:33','00It4100001dxWQmliyTe','000100010001'),('01bYjd0028th001XGHObO','00It4100002dxWQmliyTe','01bYjd0007R1L01XGHObO','01bYjd000DMXH01XGHObO','2018-12-06 21:31:55','00It4100001dxWQmliyTe','0001'),('01bYjd0029Wh501XGHObO','00It4100002dxWQmliyTe','01bYjd0007R1L01XGHObO','01bYjd000FDxd01XGHObO','2018-12-06 21:31:55','00It4100001dxWQmliyTe','0001'),('01bYjd002A6ve01XGHObO','00It4100002dxWQmliyTe','01bYjd0007R1L01XGHObO','01bYjd000EHem01XGHObO','2018-12-06 21:31:55','00It4100001dxWQmliyTe','0001'),('01bYjd002B29501XGHObO','00It4100002dxWQmliyTe','01bYjd0007R1L01XGHObO','01bYjd000EQ2601XGHObO','2018-12-06 21:31:55','00It4100001dxWQmliyTe','0001'),('01bYjd002Berd01XGHObO','00It4100002dxWQmliyTe','01bYjd0007R1L01XGHObO','01bYjd000Cc8v01XGHObO','2018-12-06 21:31:55','00It4100001dxWQmliyTe','0001'),('01bYjd002C7TO01XGHObO','00It4100002dxWQmliyTe','01bYjd0007R1L01XGHObO','01bYjd000FgDY01XGHObO','2018-12-06 21:31:55','00It4100001dxWQmliyTe','0001'),('01bYjd002Cyme01XGHObO','00It4100002dxWQmliyTe','01bYjd0007R1L01XGHObO','01bYjd000MylJ01XGHObO','2018-12-06 21:32:05','00It4100001dxWQmliyTe','0001'),('01bYjd002DCuc01XGHObO','00It4100002dxWQmliyTe','01bYjd0007R1L01XGHObO','01bYjd000LoxH01XGHObO','2018-12-06 21:32:05','00It4100001dxWQmliyTe','0001'),('01bYjd002DYBY01XGHObO','00It4100002dxWQmliyTe','01bYjd0007R1L01XGHObO','01bYjd000MSVn01XGHObO','2018-12-06 21:32:05','00It4100001dxWQmliyTe','0001'),('01bYjd002EXc201XGHObO','00It4100002dxWQmliyTe','01bYjd0007R1L01XGHObO','01bYjd000NrnF01XGHObO','2018-12-06 21:32:05','00It4100001dxWQmliyTe','0001'),('01bYjd003c2oY01XGHObO','01bYjd003LCK201XGHObO','01bYjd003K5dw01XGHObO','01bYjd003a4cf01XGHObO','2018-12-06 22:00:24','01bYjd003Impl01XGHObO','000100010002'),('01bYjd003cI3G01XGHObO','01bYjd003LCK201XGHObO','01bYjd003K5dw01XGHObO','01bYjd003_djr01XGHObO','2018-12-06 22:00:24','01bYjd003Impl01XGHObO','000100010002'),('01bYjd003cTxx01XGHObO','01bYjd003LCK201XGHObO','01bYjd003K5dw01XGHObO','01bYjd003ZlE101XGHObO','2018-12-06 22:00:24','01bYjd003Impl01XGHObO','000100010002'),('01bYjd003cXc901XGHObO','01bYjd003LCK201XGHObO','01bYjd003K5dw01XGHObO','01bYjd003aEM601XGHObO','2018-12-06 22:00:24','01bYjd003Impl01XGHObO','000100010002'),('01bYjd003cr9401XGHObO','01bYjd003LCK201XGHObO','01bYjd003K5dw01XGHObO','01bYjd003aw7G01XGHObO','2018-12-06 22:00:24','01bYjd003Impl01XGHObO','000100010002'),('01bYjd003dqcg01XGHObO','01bYjd003LCK201XGHObO','01bYjd003K5dw01XGHObO','01bYjd003Yr7l01XGHObO','2018-12-06 22:00:24','01bYjd003Impl01XGHObO','000100010002'),('01bYjd003epfD01XGHObO','01bYjd003LCK201XGHObO','01bYjd003K5dw01XGHObO','01bYjd003b7DN01XGHObO','2018-12-06 22:00:24','01bYjd003Impl01XGHObO','000100010002'),('01bZFe001Zyx401XGHObO','00It4100002dxWQmliyTe','01bYjd0001rof01XGHObO','01bZFe001ZCXT01XGHObO','2018-12-06 23:28:38','00It4100001dxWQmliyTe','0001'),('01b_s_000GFDQ01XGHObO','01bYjd003LCK201XGHObO','01bYjd003K5dw01XGHObO','01b_s_000Fq0R01XGHObO','2018-12-07 00:10:43','01bYjd003Impl01XGHObO','000100010002'),('01biLP000HI7G01XGHObO','01bYjd003LCK201XGHObO','01bYjd003LmhO01XGHObO','01bYjd003a4cf01XGHObO','2018-12-07 09:19:29','01b_s_003EUiT01XGHObO','000100010002'),('01biLP000I0De01XGHObO','01bYjd003LCK201XGHObO','01bYjd003LmhO01XGHObO','01bYjd003_djr01XGHObO','2018-12-07 09:19:29','01b_s_003EUiT01XGHObO','000100010002'),('01biLP000IMed01XGHObO','01bYjd003LCK201XGHObO','01bYjd003LmhO01XGHObO','01b_s_000Fq0R01XGHObO','2018-12-07 09:19:29','01b_s_003EUiT01XGHObO','000100010002'),('01biLP000J7DS01XGHObO','01bYjd003LCK201XGHObO','01bYjd003LmhO01XGHObO','01bYjd003ZlE101XGHObO','2018-12-07 09:19:29','01b_s_003EUiT01XGHObO','000100010002'),('01biLP000JSrt01XGHObO','01bYjd003LCK201XGHObO','01bYjd003LmhO01XGHObO','01bYjd003aEM601XGHObO','2018-12-07 09:19:29','01b_s_003EUiT01XGHObO','000100010002'),('01biLP000Jtr_01XGHObO','01bYjd003LCK201XGHObO','01bYjd003LmhO01XGHObO','01bYjd003aw7G01XGHObO','2018-12-07 09:19:29','01b_s_003EUiT01XGHObO','000100010002'),('01biLP000K5M601XGHObO','01bYjd003LCK201XGHObO','01bYjd003LmhO01XGHObO','01bYjd003Yr7l01XGHObO','2018-12-07 09:19:29','01b_s_003EUiT01XGHObO','000100010002'),('01biLP000KtQJ01XGHObO','01bYjd003LCK201XGHObO','01bYjd003LmhO01XGHObO','01bYjd003b7DN01XGHObO','2018-12-07 09:19:29','01b_s_003EUiT01XGHObO','000100010002'),('01biLP001YcT001XGHObO','01bYjd003LCK201XGHObO','01bYjd003K5dw01XGHObO','01biLP001QPAW01XGHObO','2018-12-07 09:28:15','01b_s_003AKAK01XGHObO','000100010002'),('01biLP001ZXyx01XGHObO','01bYjd003LCK201XGHObO','01bYjd003K5dw01XGHObO','01biLP001Unv101XGHObO','2018-12-07 09:28:15','01b_s_003AKAK01XGHObO','000100010002'),('01biLP001_MgH01XGHObO','01bYjd003LCK201XGHObO','01bYjd003K5dw01XGHObO','01biLP001TDax01XGHObO','2018-12-07 09:28:15','01b_s_003AKAK01XGHObO','000100010002'),('01biLP001_TzZ01XGHObO','01bYjd003LCK201XGHObO','01bYjd003K5dw01XGHObO','01biLP001R3gj01XGHObO','2018-12-07 09:28:15','01b_s_003AKAK01XGHObO','000100010002'),('01biLP001_cZ301XGHObO','01bYjd003LCK201XGHObO','01bYjd003K5dw01XGHObO','01biLP001TmCN01XGHObO','2018-12-07 09:28:15','01b_s_003AKAK01XGHObO','000100010002'),('01biLP001a61t01XGHObO','01bYjd003LCK201XGHObO','01bYjd003K5dw01XGHObO','01biLP001Txyd01XGHObO','2018-12-07 09:28:15','01b_s_003AKAK01XGHObO','000100010002'),('01biLP001aFs701XGHObO','01bYjd003LCK201XGHObO','01bYjd003K5dw01XGHObO','01biLP001Vnru01XGHObO','2018-12-07 09:28:15','01b_s_003AKAK01XGHObO','000100010002'),('01biLP001aOzY01XGHObO','01bYjd003LCK201XGHObO','01bYjd003K5dw01XGHObO','01biLP001STl001XGHObO','2018-12-07 09:28:15','01b_s_003AKAK01XGHObO','000100010002'),('01biLP001ayTe01XGHObO','01bYjd003LCK201XGHObO','01bYjd003K5dw01XGHObO','01biLP001PSGD01XGHObO','2018-12-07 09:28:15','01b_s_003AKAK01XGHObO','000100010002'),('01biLP001biXi01XGHObO','01bYjd003LCK201XGHObO','01bYjd003K5dw01XGHObO','01biLP001Rkqk01XGHObO','2018-12-07 09:28:15','01b_s_003AKAK01XGHObO','000100010002'),('01biLP001bmgw01XGHObO','01bYjd003LCK201XGHObO','01bYjd003K5dw01XGHObO','01biLP001P_yi01XGHObO','2018-12-07 09:28:15','01b_s_003AKAK01XGHObO','000100010002'),('01biLP001c2qR01XGHObO','01bYjd003LCK201XGHObO','01bYjd003K5dw01XGHObO','01biLP001V3qp01XGHObO','2018-12-07 09:28:15','01b_s_003AKAK01XGHObO','000100010002'),('01biLP001cbCi01XGHObO','01bYjd003LCK201XGHObO','01bYjd003K5dw01XGHObO','01biLP001V3kO01XGHObO','2018-12-07 09:28:15','01b_s_003AKAK01XGHObO','000100010002'),('01ctQ3000z4Ch01XGHObO','01bYjd003LCK201XGHObO','01cs9i0004AGH01XGHObO','01bYjd003a4cf01XGHObO','2018-12-10 19:12:21','01bYjd003Impl01XGHObO','000100010002'),('01ctQ3000zx3k01XGHObO','01bYjd003LCK201XGHObO','01cs9i0004AGH01XGHObO','01bYjd003_djr01XGHObO','2018-12-10 19:12:21','01bYjd003Impl01XGHObO','000100010002'),('01ctQ30010XJQ01XGHObO','01bYjd003LCK201XGHObO','01cs9i0004AGH01XGHObO','01b_s_000Fq0R01XGHObO','2018-12-10 19:12:21','01bYjd003Impl01XGHObO','000100010002'),('01ctQ30010eOe01XGHObO','01bYjd003LCK201XGHObO','01cs9i0004AGH01XGHObO','01bYjd003ZlE101XGHObO','2018-12-10 19:12:21','01bYjd003Impl01XGHObO','000100010002'),('01ctQ30010wRz01XGHObO','01bYjd003LCK201XGHObO','01cs9i0004AGH01XGHObO','01bYjd003aEM601XGHObO','2018-12-10 19:12:21','01bYjd003Impl01XGHObO','000100010002'),('01ctQ30011pjD01XGHObO','01bYjd003LCK201XGHObO','01cs9i0004AGH01XGHObO','01bYjd003aw7G01XGHObO','2018-12-10 19:12:21','01bYjd003Impl01XGHObO','000100010002'),('01ctQ30012Okr01XGHObO','01bYjd003LCK201XGHObO','01cs9i0004AGH01XGHObO','01bYjd003Yr7l01XGHObO','2018-12-10 19:12:21','01bYjd003Impl01XGHObO','000100010002'),('01ctQ30012QGc01XGHObO','01bYjd003LCK201XGHObO','01cs9i0004AGH01XGHObO','01bYjd003b7DN01XGHObO','2018-12-10 19:12:21','01bYjd003Impl01XGHObO','000100010002');

/*Table structure for table `xs_g2d1_server` */

DROP TABLE IF EXISTS `xs_g2d1_server`;

CREATE TABLE `xs_g2d1_server` (
  `id` char(21) CHARACTER SET ascii COLLATE ascii_bin NOT NULL COMMENT '服务商id，他处使用缩写srvid',
  `admin` char(21) CHARACTER SET ascii COLLATE ascii_bin NOT NULL COMMENT '管理员uid（一个人可以有多个）',
  `rrole` char(21) CHARACTER SET ascii COLLATE ascii_bin NOT NULL COMMENT '服务商管理根角色id',
  `nrole` char(21) CHARACTER SET ascii COLLATE ascii_bin NOT NULL COMMENT '普通角色id（添加的用户默认具有该角色）',
  `brole` char(21) CHARACTER SET ascii COLLATE ascii_bin NOT NULL COMMENT '引用桥梁根角色',
  `enableg2` char(1) CHARACTER SET ascii COLLATE ascii_bin NOT NULL DEFAULT '1' COMMENT '是否允许登陆公共后台：0否，1是',
  `logo` varchar(256) CHARACTER SET ascii COLLATE ascii_bin DEFAULT NULL,
  `name` varchar(32) COLLATE utf8mb4_bin NOT NULL COMMENT '服务商名称，唯一',
  `selfuser` tinyint(1) NOT NULL DEFAULT '0' COMMENT '是否只允许服务商自己添加（通过api创建）的用户登陆',
  `description` varchar(512) COLLATE utf8mb4_bin DEFAULT NULL COMMENT '服务商描述',
  `createtime` datetime NOT NULL,
  `updatetime` datetime NOT NULL,
  `creator` char(21) COLLATE utf8mb4_bin NOT NULL,
  `rcode` varchar(256) COLLATE utf8mb4_bin NOT NULL,
  `hasguid` tinyint(1) NOT NULL DEFAULT '0' COMMENT '是否可以获取guid',
  PRIMARY KEY (`id`),
  UNIQUE KEY `name` (`name`),
  UNIQUE KEY `rid` (`rrole`),
  KEY `admin` (`admin`),
  KEY `nrole` (`nrole`),
  KEY `brole` (`brole`),
  CONSTRAINT `xs_g2d1_server_ibfk_1` FOREIGN KEY (`admin`) REFERENCES `xs_g2d1_user` (`id`),
  CONSTRAINT `xs_g2d1_server_ibfk_2` FOREIGN KEY (`rrole`) REFERENCES `xs_g2d1_role` (`id`),
  CONSTRAINT `xs_g2d1_server_ibfk_3` FOREIGN KEY (`nrole`) REFERENCES `xs_g2d1_role` (`id`),
  CONSTRAINT `xs_g2d1_server_ibfk_4` FOREIGN KEY (`brole`) REFERENCES `xs_g2d1_role` (`id`)
) ENGINE=InnoDB DEFAULT CHARSET=utf8mb4 COLLATE=utf8mb4_bin COMMENT='服务商';

/*Data for the table `xs_g2d1_server` */

insert  into `xs_g2d1_server`(`id`,`admin`,`rrole`,`nrole`,`brole`,`enableg2`,`logo`,`name`,`selfuser`,`description`,`createtime`,`updatetime`,`creator`,`rcode`,`hasguid`) values ('00It4100002dxWQmliyTe','00It4100001dxWQmliyTe','01bYjd0001rof01XGHObO','01bYjd0002YVD01XGHObO','01bYjd00029Xg01XGHObO','1',NULL,'系统服务商',1,'系统初始化创建','2018-12-06 21:30:32','2018-12-06 21:30:32','00It4100001dxWQmliyTe','000100010001',0),('01bYjd003LCK201XGHObO','01bYjd003Impl01XGHObO','01bYjd003K5dw01XGHObO','01bYjd003KoGw01XGHObO','01bYjd003KD1S01XGHObO','1',NULL,'溪山科技技术外包组',0,'溪山科技技术外包组','2018-12-06 21:34:10','2018-12-11 12:52:29','00It4100001dxWQmliyTe','000100010002',0),('01bZFe000BfGx01XGHObO','01bZFe000940001XGHObO','01bZFe000A02U01XGHObO','01bZFe000BYNt01XGHObO','01bZFe000Aijz01XGHObO','0',NULL,'建筑与城市规划学院',0,'建筑与城市规划学院','2018-12-06 22:08:07','2018-12-06 22:08:07','00It4100001dxWQmliyTe','000100010003',0),('01d1bx000VruI01XGHObO','01d1bx000TdiC01XGHObO','01d1bx000UOKL01XGHObO','01d1bx000VGkh01XGHObO','01d1bx000UTtL01XGHObO','0',NULL,'测试服务商',0,NULL,'2018-12-11 09:28:23','2018-12-11 09:28:23','00It4100001dxWQmliyTe','000100010004',0);

/*Table structure for table `xs_g2d1_serverlinkservice` */

DROP TABLE IF EXISTS `xs_g2d1_serverlinkservice`;

CREATE TABLE `xs_g2d1_serverlinkservice` (
  `id` char(21) CHARACTER SET ascii COLLATE ascii_bin NOT NULL,
  `srvid` char(21) CHARACTER SET ascii COLLATE ascii_bin NOT NULL COMMENT '引用者服务商id',
  `ocsid` char(21) CHARACTER SET ascii COLLATE ascii_bin NOT NULL COMMENT '发布的云服务id',
  `cpid` char(21) CHARACTER SET ascii COLLATE ascii_bin NOT NULL COMMENT '套餐id',
  `state` char(1) CHARACTER SET ascii COLLATE ascii_bin NOT NULL COMMENT '状态：0表示待审核，1表示通过，2表示失败',
  `delable` tinyint(1) NOT NULL DEFAULT '0' COMMENT '是否可以被删除',
  `createtime` datetime NOT NULL,
  `creator` char(21) CHARACTER SET ascii COLLATE ascii_bin NOT NULL,
  `rcode` varchar(128) CHARACTER SET ascii COLLATE ascii_bin NOT NULL,
  PRIMARY KEY (`id`),
  UNIQUE KEY `srvid_ocsid` (`srvid`,`ocsid`),
  KEY `cpid` (`cpid`),
  KEY `ocsid` (`ocsid`),
  CONSTRAINT `xs_g2d1_serverlinkservice_ibfk_2` FOREIGN KEY (`cpid`) REFERENCES `xs_g2d1_cloudpackage` (`id`),
  CONSTRAINT `xs_g2d1_serverlinkservice_ibfk_3` FOREIGN KEY (`srvid`) REFERENCES `xs_g2d1_server` (`id`),
  CONSTRAINT `xs_g2d1_serverlinkservice_ibfk_4` FOREIGN KEY (`ocsid`) REFERENCES `xs_g2d1_opencloudservice` (`id`)
) ENGINE=InnoDB DEFAULT CHARSET=utf8mb4 COLLATE=utf8mb4_bin COMMENT='服务商添加的（其他商的）云服务';

/*Data for the table `xs_g2d1_serverlinkservice` */

insert  into `xs_g2d1_serverlinkservice`(`id`,`srvid`,`ocsid`,`cpid`,`state`,`delable`,`createtime`,`creator`,`rcode`) values ('01bYjd003NpKg01XGHObO','01bYjd003LCK201XGHObO','00It4100062dxWQmliyTe','00It4100059dxWQmliyTe','1',0,'2018-12-06 21:34:10','00It4100001dxWQmliyTe','000100010002'),('01bZFe000FLAu01XGHObO','01bZFe000BfGx01XGHObO','00It4100062dxWQmliyTe','00It4100059dxWQmliyTe','1',0,'2018-12-06 22:08:07','00It4100001dxWQmliyTe','000100010003'),('01ctQ3000wc2r01XGHObO','01bZFe000BfGx01XGHObO','01ctQ3000smy701XGHObO','01cs9i0005be201XGHObO','1',1,'2018-12-10 19:09:39','00It4100001dxWQmliyTe','000100010003'),('01d1bx000_BA701XGHObO','01d1bx000VruI01XGHObO','00It4100062dxWQmliyTe','00It4100059dxWQmliyTe','1',0,'2018-12-11 09:28:23','00It4100001dxWQmliyTe','000100010004'),('01d1bx000_FrN01XGHObO','01d1bx000VruI01XGHObO','01ctQ3000wY5x01XGHObO','01b_s_0001nis01XGHObO','1',1,'2018-12-11 09:28:44','00It4100001dxWQmliyTe','000100010004');

/*Table structure for table `xs_g2d1_serveruser` */

DROP TABLE IF EXISTS `xs_g2d1_serveruser`;

CREATE TABLE `xs_g2d1_serveruser` (
  `id` char(21) CHARACTER SET ascii COLLATE ascii_bin NOT NULL,
  `srvid` char(21) CHARACTER SET ascii COLLATE ascii_bin NOT NULL,
  `uid` char(21) CHARACTER SET ascii COLLATE ascii_bin NOT NULL,
  `oprole` char(21) CHARACTER SET ascii COLLATE ascii_bin NOT NULL COMMENT '用户操作角色，用于操作数据获取rcode。',
  `createtime` datetime NOT NULL,
  `rcode` varchar(128) CHARACTER SET ascii COLLATE ascii_bin NOT NULL,
  PRIMARY KEY (`id`),
  UNIQUE KEY `uid_srvid` (`uid`,`srvid`),
  KEY `srvid` (`srvid`),
  KEY `uid` (`uid`),
  KEY `oprole` (`oprole`),
  CONSTRAINT `xs_g2d1_serveruser_ibfk_1` FOREIGN KEY (`srvid`) REFERENCES `xs_g2d1_server` (`id`),
  CONSTRAINT `xs_g2d1_serveruser_ibfk_2` FOREIGN KEY (`uid`) REFERENCES `xs_g2d1_user` (`id`),
  CONSTRAINT `xs_g2d1_serveruser_ibfk_3` FOREIGN KEY (`oprole`) REFERENCES `xs_g2d1_role` (`id`)
) ENGINE=InnoDB DEFAULT CHARSET=utf8mb4 COLLATE=utf8mb4_bin COMMENT='服务商用户';

/*Data for the table `xs_g2d1_serveruser` */

insert  into `xs_g2d1_serveruser`(`id`,`srvid`,`uid`,`oprole`,`createtime`,`rcode`) values ('01bYjd000TCbw01XGHObO','00It4100002dxWQmliyTe','00It4100001dxWQmliyTe','01bYjd0001F2q01XGHObO','2018-12-06 21:30:33','000100010001'),('01bYjd003MhU401XGHObO','01bYjd003LCK201XGHObO','01bYjd003Impl01XGHObO','01bYjd003K5dw01XGHObO','2018-12-06 21:34:10','000100010002'),('01bZFe000DY_N01XGHObO','01bZFe000BfGx01XGHObO','01bZFe000940001XGHObO','01bZFe000A02U01XGHObO','2018-12-06 22:08:07','000100010003'),('01b_s_003Azxp01XGHObO','01bYjd003LCK201XGHObO','01b_s_003AKAK01XGHObO','01bYjd003K5dw01XGHObO','2018-12-07 08:55:07','000100010002'),('01b_s_003D2dT01XGHObO','01bYjd003LCK201XGHObO','01b_s_003CliZ01XGHObO','01bYjd003K5dw01XGHObO','2018-12-07 08:55:36','000100010002'),('01b_s_003Fyl001XGHObO','01bYjd003LCK201XGHObO','01b_s_003EUiT01XGHObO','01bYjd003K5dw01XGHObO','2018-12-07 08:55:55','000100010002'),('01biLP005dfcs01XGHObO','01bYjd003LCK201XGHObO','01biLP005CShO01XGHObO','01bYjd003KoGw01XGHObO','2018-12-07 10:41:46','000100010002'),('01bl7o0006Nxt01XGHObO','01bZFe000BfGx01XGHObO','01bl7o00056IG01XGHObO','01bZFe000BYNt01XGHObO','2018-12-07 12:18:59','000100010003'),('01bm7G0003riW01XGHObO','01bZFe000BfGx01XGHObO','01b_s_003EUiT01XGHObO','01bZFe000BYNt01XGHObO','2018-12-07 13:22:19','000100010003'),('01bm7G000YGjk01XGHObO','01bZFe000BfGx01XGHObO','01bm7G000XDlg01XGHObO','01bZFe000BYNt01XGHObO','2018-12-07 13:31:50','000100010003'),('01bm7G000fJTO01XGHObO','01bZFe000BfGx01XGHObO','01biLP005CShO01XGHObO','01bZFe000BYNt01XGHObO','2018-12-07 13:34:24','000100010003'),('01bm7G000thRa01XGHObO','01bZFe000BfGx01XGHObO','01bm7G000rHx201XGHObO','01bZFe000BYNt01XGHObO','2018-12-07 13:38:22','000100010003'),('01bmZE000JvAW01XGHObO','01bZFe000BfGx01XGHObO','01bmZE000Aby_01XGHObO','01bZFe000BYNt01XGHObO','2018-12-07 13:55:57','000100010003'),('01bmmi000Ttks01XGHObO','01bZFe000BfGx01XGHObO','01bmmi000SXvl01XGHObO','01bZFe000BYNt01XGHObO','2018-12-07 14:16:26','000100010003'),('01boMk0003rFp01XGHObO','01bZFe000BfGx01XGHObO','01b_s_002YpIn01XGHObO','01bZFe000BYNt01XGHObO','2018-12-07 15:50:09','000100010003'),('01crJP000kwv801XGHObO','01bZFe000BfGx01XGHObO','01bm7G000jayC01XGHObO','01bZFe000BYNt01XGHObO','2018-12-10 17:01:06','000100010003'),('01d1bx0002aBr01XGHObO','01bZFe000BfGx01XGHObO','01ctQ3001iuV001XGHObO','01bZFe000BYNt01XGHObO','2018-12-11 08:32:26','000100010003'),('01d1bx000ZT1001XGHObO','01d1bx000VruI01XGHObO','01d1bx000TdiC01XGHObO','01d1bx000UOKL01XGHObO','2018-12-11 09:28:23','000100010004'),('01d1bx000bCk001XGHObO','01d1bx000VruI01XGHObO','00It4100001dxWQmliyTe','01d1bx000VGkh01XGHObO','2018-12-11 09:34:22','000100010004'),('01d1bx000cv0x01XGHObO','01d1bx000VruI01XGHObO','01bm7G000rHx201XGHObO','01d1bx000VGkh01XGHObO','2018-12-11 09:35:04','000100010004'),('01d1bx001emEL01XGHObO','01bYjd003LCK201XGHObO','01d1bx001bPXx01XGHObO','01bYjd003KoGw01XGHObO','2018-12-11 12:52:48','000100010002');

/*Table structure for table `xs_g2d1_subadmin` */

DROP TABLE IF EXISTS `xs_g2d1_subadmin`;

CREATE TABLE `xs_g2d1_subadmin` (
  `id` char(21) CHARACTER SET ascii COLLATE ascii_bin NOT NULL,
  `srvid` char(21) CHARACTER SET ascii COLLATE ascii_bin NOT NULL,
  `name` varchar(20) COLLATE utf8mb4_bin NOT NULL,
  `description` varchar(512) COLLATE utf8mb4_bin DEFAULT NULL,
  `createtime` datetime NOT NULL,
  `updatetime` datetime NOT NULL,
  `creator` char(21) CHARACTER SET ascii COLLATE ascii_bin NOT NULL,
  `rcode` varchar(128) CHARACTER SET ascii COLLATE ascii_bin NOT NULL,
  PRIMARY KEY (`id`),
  KEY `srvid` (`srvid`),
  CONSTRAINT `xs_g2d1_subadmin_ibfk_1` FOREIGN KEY (`srvid`) REFERENCES `xs_g2d1_server` (`id`)
) ENGINE=InnoDB DEFAULT CHARSET=utf8mb4 COLLATE=utf8mb4_bin COMMENT='子管理员，配置其可访问服务（引用服务与自身的服务）';

/*Data for the table `xs_g2d1_subadmin` */

/*Table structure for table `xs_g2d1_subadminservice` */

DROP TABLE IF EXISTS `xs_g2d1_subadminservice`;

CREATE TABLE `xs_g2d1_subadminservice` (
  `id` char(21) CHARACTER SET ascii COLLATE ascii_bin NOT NULL,
  `srvid` char(21) CHARACTER SET ascii COLLATE ascii_bin NOT NULL,
  `said` char(21) CHARACTER SET ascii COLLATE ascii_bin NOT NULL COMMENT '子管理员id。',
  `csid` char(21) CHARACTER SET ascii COLLATE ascii_bin DEFAULT NULL COMMENT '自身服务id。',
  `slsid` char(21) CHARACTER SET ascii COLLATE ascii_bin DEFAULT NULL COMMENT '引用服务id。',
  `createtime` datetime NOT NULL,
  `creator` char(21) CHARACTER SET ascii COLLATE ascii_bin NOT NULL,
  `rcode` varchar(128) CHARACTER SET ascii COLLATE ascii_bin NOT NULL,
  PRIMARY KEY (`id`),
  UNIQUE KEY `said_csid` (`said`,`csid`),
  UNIQUE KEY `said_slsid` (`said`,`slsid`),
  KEY `srvid` (`srvid`),
  KEY `csid` (`csid`),
  KEY `said` (`said`),
  KEY `xs_g2d1_subadminservice_ibfk_4` (`slsid`),
  CONSTRAINT `xs_g2d1_subadminservice_ibfk_1` FOREIGN KEY (`srvid`) REFERENCES `xs_g2d1_server` (`id`),
  CONSTRAINT `xs_g2d1_subadminservice_ibfk_2` FOREIGN KEY (`csid`) REFERENCES `xs_g2d1_cloudservice` (`id`) ON DELETE CASCADE,
  CONSTRAINT `xs_g2d1_subadminservice_ibfk_3` FOREIGN KEY (`said`) REFERENCES `xs_g2d1_subadmin` (`id`) ON DELETE CASCADE,
  CONSTRAINT `xs_g2d1_subadminservice_ibfk_4` FOREIGN KEY (`slsid`) REFERENCES `xs_g2d1_serverlinkservice` (`id`) ON DELETE CASCADE
) ENGINE=InnoDB DEFAULT CHARSET=utf8mb4 COLLATE=utf8mb4_bin COMMENT='子管理员与服务的关联';

/*Data for the table `xs_g2d1_subadminservice` */

/*Table structure for table `xs_g2d1_subadminsuser` */

DROP TABLE IF EXISTS `xs_g2d1_subadminsuser`;

CREATE TABLE `xs_g2d1_subadminsuser` (
  `id` char(21) CHARACTER SET ascii COLLATE ascii_bin NOT NULL,
  `srvid` char(21) CHARACTER SET ascii COLLATE ascii_bin NOT NULL,
  `said` char(21) CHARACTER SET ascii COLLATE ascii_bin NOT NULL,
  `suid` char(21) CHARACTER SET ascii COLLATE ascii_bin NOT NULL,
  `createtime` datetime NOT NULL,
  `creator` char(21) CHARACTER SET ascii COLLATE ascii_bin NOT NULL,
  `rcode` varchar(128) CHARACTER SET ascii COLLATE ascii_bin NOT NULL,
  PRIMARY KEY (`id`),
  UNIQUE KEY `suid_said` (`suid`,`said`),
  KEY `srvid` (`srvid`),
  KEY `said` (`said`),
  CONSTRAINT `xs_g2d1_subadminsuser_ibfk_1` FOREIGN KEY (`srvid`) REFERENCES `xs_g2d1_server` (`id`),
  CONSTRAINT `xs_g2d1_subadminsuser_ibfk_2` FOREIGN KEY (`said`) REFERENCES `xs_g2d1_subadmin` (`id`) ON DELETE CASCADE,
  CONSTRAINT `xs_g2d1_subadminsuser_ibfk_3` FOREIGN KEY (`suid`) REFERENCES `xs_g2d1_serveruser` (`id`) ON DELETE CASCADE
) ENGINE=InnoDB DEFAULT CHARSET=utf8mb4 COLLATE=utf8mb4_bin COMMENT='子管理员服务商用户关联表';

/*Data for the table `xs_g2d1_subadminsuser` */

/*Table structure for table `xs_g2d1_suserrole` */

DROP TABLE IF EXISTS `xs_g2d1_suserrole`;

CREATE TABLE `xs_g2d1_suserrole` (
  `id` char(21) CHARACTER SET ascii COLLATE ascii_bin NOT NULL,
  `srvid` char(21) CHARACTER SET ascii COLLATE ascii_bin NOT NULL,
  `suid` char(21) CHARACTER SET ascii COLLATE ascii_bin NOT NULL,
  `rid` char(21) CHARACTER SET ascii COLLATE ascii_bin NOT NULL,
  `createtime` datetime NOT NULL,
  `creator` char(21) CHARACTER SET ascii COLLATE ascii_bin NOT NULL,
  `rcode` varchar(128) CHARACTER SET ascii COLLATE ascii_bin NOT NULL,
  PRIMARY KEY (`id`),
  UNIQUE KEY `suid_rid` (`suid`,`rid`),
  KEY `rid` (`rid`),
  KEY `srvid` (`srvid`),
  CONSTRAINT `xs_g2d1_suserrole_ibfk_1` FOREIGN KEY (`suid`) REFERENCES `xs_g2d1_serveruser` (`id`) ON DELETE CASCADE,
  CONSTRAINT `xs_g2d1_suserrole_ibfk_2` FOREIGN KEY (`rid`) REFERENCES `xs_g2d1_role` (`id`) ON DELETE CASCADE
) ENGINE=InnoDB DEFAULT CHARSET=utf8mb4 COLLATE=utf8mb4_bin COMMENT='服务商用户与角色的关联表';

/*Data for the table `xs_g2d1_suserrole` */

insert  into `xs_g2d1_suserrole`(`id`,`srvid`,`suid`,`rid`,`createtime`,`creator`,`rcode`) values ('01bYjd000UAfs01XGHObO','00It4100002dxWQmliyTe','01bYjd000TCbw01XGHObO','01bYjd0001rof01XGHObO','2018-12-06 21:30:33','00It4100001dxWQmliyTe','0001'),('01bYjd000URx101XGHObO','00It4100002dxWQmliyTe','01bYjd000TCbw01XGHObO','01bYjd0001F2q01XGHObO','2018-12-06 21:30:33','00It4100001dxWQmliyTe','0'),('01bYjd003Msqp01XGHObO','01bYjd003LCK201XGHObO','01bYjd003MhU401XGHObO','01bYjd003K5dw01XGHObO','2018-12-06 21:34:10','00It4100001dxWQmliyTe','0001'),('01bZFe000ESVZ01XGHObO','01bZFe000BfGx01XGHObO','01bZFe000DY_N01XGHObO','01bZFe000A02U01XGHObO','2018-12-06 22:08:07','00It4100001dxWQmliyTe','0001'),('01b_s_003B7UC01XGHObO','01bYjd003LCK201XGHObO','01b_s_003Azxp01XGHObO','01bYjd003KoGw01XGHObO','2018-12-07 08:55:07','01bYjd003Impl01XGHObO','000100010002'),('01b_s_003Dl_701XGHObO','01bYjd003LCK201XGHObO','01b_s_003D2dT01XGHObO','01bYjd003KoGw01XGHObO','2018-12-07 08:55:36','01bYjd003Impl01XGHObO','000100010002'),('01b_s_003GALe01XGHObO','01bYjd003LCK201XGHObO','01b_s_003Fyl001XGHObO','01bYjd003KoGw01XGHObO','2018-12-07 08:55:55','01bYjd003Impl01XGHObO','000100010002'),('01b_s_003Gol401XGHObO','01bYjd003LCK201XGHObO','01b_s_003Azxp01XGHObO','01bYjd003K5dw01XGHObO','2018-12-07 08:56:04','01bYjd003Impl01XGHObO','000100010002'),('01b_s_003GzzF01XGHObO','01bYjd003LCK201XGHObO','01b_s_003Fyl001XGHObO','01bYjd003K5dw01XGHObO','2018-12-07 08:56:15','01bYjd003Impl01XGHObO','000100010002'),('01b_s_003JA4P01XGHObO','01bYjd003LCK201XGHObO','01b_s_003D2dT01XGHObO','01bYjd003K5dw01XGHObO','2018-12-07 08:56:20','01bYjd003Impl01XGHObO','000100010002'),('01biLP005dtHP01XGHObO','01bYjd003LCK201XGHObO','01biLP005dfcs01XGHObO','01bYjd003KoGw01XGHObO','2018-12-07 10:41:46','01bYjd003Impl01XGHObO','000100010002'),('01bl7o0006tJF01XGHObO','01bZFe000BfGx01XGHObO','01bl7o0006Nxt01XGHObO','01bZFe000BYNt01XGHObO','2018-12-07 12:18:59','01bZFe000940001XGHObO','000100010003'),('01bm7G0004L0s01XGHObO','01bZFe000BfGx01XGHObO','01bm7G0003riW01XGHObO','01bZFe000BYNt01XGHObO','2018-12-07 13:22:19','01bZFe000940001XGHObO','000100010003'),('01bm7G000Yvte01XGHObO','01bZFe000BfGx01XGHObO','01bm7G000YGjk01XGHObO','01bZFe000BYNt01XGHObO','2018-12-07 13:31:50','01bZFe000940001XGHObO','000100010003'),('01bm7G000fxQP01XGHObO','01bZFe000BfGx01XGHObO','01bm7G000fJTO01XGHObO','01bZFe000BYNt01XGHObO','2018-12-07 13:34:24','01bZFe000940001XGHObO','000100010003'),('01bm7G000tyiQ01XGHObO','01bZFe000BfGx01XGHObO','01bm7G000thRa01XGHObO','01bZFe000BYNt01XGHObO','2018-12-07 13:38:22','01bZFe000940001XGHObO','000100010003'),('01bmZE000K7si01XGHObO','01bZFe000BfGx01XGHObO','01bmZE000JvAW01XGHObO','01bZFe000BYNt01XGHObO','2018-12-07 13:55:57','01bZFe000940001XGHObO','000100010003'),('01bmmi000UJCs01XGHObO','01bZFe000BfGx01XGHObO','01bmmi000Ttks01XGHObO','01bZFe000BYNt01XGHObO','2018-12-07 14:16:26','01bZFe000940001XGHObO','000100010003'),('01boMk000409m01XGHObO','01bZFe000BfGx01XGHObO','01boMk0003rFp01XGHObO','01bZFe000BYNt01XGHObO','2018-12-07 15:50:09','01bZFe000940001XGHObO','000100010003'),('01crJP000l53M01XGHObO','01bZFe000BfGx01XGHObO','01crJP000kwv801XGHObO','01bZFe000BYNt01XGHObO','2018-12-10 17:01:06','01bZFe000940001XGHObO','000100010003'),('01d1bx0003_Hi01XGHObO','01bZFe000BfGx01XGHObO','01d1bx0002aBr01XGHObO','01bZFe000BYNt01XGHObO','2018-12-11 08:32:26','01bZFe000940001XGHObO','000100010003'),('01d1bx000_85601XGHObO','01d1bx000VruI01XGHObO','01d1bx000ZT1001XGHObO','01d1bx000UOKL01XGHObO','2018-12-11 09:28:23','00It4100001dxWQmliyTe','0001'),('01d1bx000bRA201XGHObO','01d1bx000VruI01XGHObO','01d1bx000bCk001XGHObO','01d1bx000VGkh01XGHObO','2018-12-11 09:34:22','01d1bx000TdiC01XGHObO','000100010004'),('01d1bx000dOQH01XGHObO','01d1bx000VruI01XGHObO','01d1bx000cv0x01XGHObO','01d1bx000VGkh01XGHObO','2018-12-11 09:35:04','01d1bx000TdiC01XGHObO','000100010004'),('01d1bx001feXn01XGHObO','01bYjd003LCK201XGHObO','01d1bx001emEL01XGHObO','01bYjd003KoGw01XGHObO','2018-12-11 12:52:48','01bYjd003Impl01XGHObO','000100010002');

/*Table structure for table `xs_g2d1_sysconfig` */

DROP TABLE IF EXISTS `xs_g2d1_sysconfig`;

CREATE TABLE `xs_g2d1_sysconfig` (
  `id` char(21) CHARACTER SET ascii COLLATE ascii_bin NOT NULL,
  `value` varchar(512) COLLATE utf8mb4_bin NOT NULL COMMENT '值',
  PRIMARY KEY (`id`)
) ENGINE=InnoDB DEFAULT CHARSET=utf8mb4 COLLATE=utf8mb4_bin COMMENT='系统配置表';

/*Data for the table `xs_g2d1_sysconfig` */

insert  into `xs_g2d1_sysconfig`(`id`,`value`) values ('db_version','5');

/*Table structure for table `xs_g2d1_thirduserlink` */

DROP TABLE IF EXISTS `xs_g2d1_thirduserlink`;

CREATE TABLE `xs_g2d1_thirduserlink` (
  `id` char(21) CHARACTER SET ascii COLLATE ascii_bin NOT NULL,
  `tuid` varchar(32) CHARACTER SET ascii COLLATE ascii_bin NOT NULL COMMENT '当前三方用户id',
  `tuid2` varchar(32) CHARACTER SET ascii COLLATE ascii_bin DEFAULT NULL COMMENT '******参照三方用户id******',
  `type` varchar(8) CHARACTER SET ascii COLLATE ascii_bin NOT NULL COMMENT '三方类型:weixin表示微信，qq表示QQ，self表示自己',
  `createtime` datetime NOT NULL,
  PRIMARY KEY (`id`),
  UNIQUE KEY `tuid` (`tuid`),
  UNIQUE KEY `tuid_tuid2` (`tuid`,`tuid2`,`type`)
) ENGINE=InnoDB DEFAULT CHARSET=utf8mb4 COLLATE=utf8mb4_bin COMMENT='三方公众号用户id关联（现实中的一个用户可能对应多个id）,用于打通用户';

/*Data for the table `xs_g2d1_thirduserlink` */

insert  into `xs_g2d1_thirduserlink`(`id`,`tuid`,`tuid2`,`type`,`createtime`) values ('01bYjd0000ARD01XGHObO','00It4100001dxWQmliyTe',NULL,'self','2018-12-06 21:30:32'),('01bYjd0000UEo01XGHObO','01bYjd0000E9j01XGHObO',NULL,'self','2018-12-06 21:30:32'),('01bYjd003J5t301XGHObO','01bYjd003Impl01XGHObO',NULL,'self','2018-12-06 21:34:10'),('01bZFe0009hqi01XGHObO','01bZFe000940001XGHObO',NULL,'self','2018-12-06 22:08:07'),('01b_s_002YCyt01XGHObO','7348D25B92FC17C472AE4118F1A1248D',NULL,'qq','2018-12-07 07:37:54'),('01b_s_003AWi201XGHObO','01b_s_003AKAK01XGHObO',NULL,'self','2018-12-07 08:55:07'),('01b_s_003D0f401XGHObO','01b_s_003CliZ01XGHObO',NULL,'self','2018-12-07 08:55:36'),('01b_s_003F1gi01XGHObO','01b_s_003EUiT01XGHObO',NULL,'self','2018-12-07 08:55:55'),('01biLP005DA9601XGHObO','01biLP005CShO01XGHObO',NULL,'self','2018-12-07 10:34:31'),('01bl7o0005btG01XGHObO','01bl7o00056IG01XGHObO',NULL,'self','2018-12-07 12:18:48'),('01bm7G000X_UO01XGHObO','01bm7G000XDlg01XGHObO',NULL,'self','2018-12-07 13:31:38'),('01bm7G000jXAu01XGHObO','95343ED178732AED05A9F7E3DEF97E52',NULL,'qq','2018-12-07 13:35:36'),('01bm7G000nizN01XGHObO','01bm7G000n9Ga01XGHObO',NULL,'self','2018-12-07 13:36:41'),('01bm7G000rxP501XGHObO','01bm7G000rHx201XGHObO',NULL,'self','2018-12-07 13:38:09'),('01bmZE000B39y01XGHObO','01bmZE000Aby_01XGHObO',NULL,'self','2018-12-07 13:52:59'),('01bmmi000SuUR01XGHObO','01bmmi000SXvl01XGHObO',NULL,'self','2018-12-07 14:16:16'),('01ctQ3001iE3201XGHObO','01702E62AF7C94518DE9F313EE5570FD',NULL,'qq','2018-12-10 19:53:13'),('01d1bx000UN6n01XGHObO','01d1bx000TdiC01XGHObO',NULL,'self','2018-12-11 09:28:23'),('01d1bx001bHy701XGHObO','05FFD06630EEE6DE370E4C871E2C8A35',NULL,'qq','2018-12-11 12:09:54');

/*Table structure for table `xs_g2d1_user` */

DROP TABLE IF EXISTS `xs_g2d1_user`;

CREATE TABLE `xs_g2d1_user` (
  `id` char(21) CHARACTER SET ascii COLLATE ascii_bin NOT NULL,
  `srvid` char(21) CHARACTER SET ascii COLLATE ascii_bin DEFAULT NULL COMMENT '服务商id,该服务商管理员或api可以修改此用户的密码的敏感信息',
  `luid` char(21) CHARACTER SET ascii COLLATE ascii_bin NOT NULL COMMENT '三方关联用户id',
  `name` varchar(32) COLLATE utf8mb4_bin DEFAULT NULL COMMENT '用户昵称',
  `head` varchar(256) COLLATE utf8mb4_bin DEFAULT NULL COMMENT '用户头像',
  `sex` char(1) CHARACTER SET ascii COLLATE ascii_bin DEFAULT NULL COMMENT '性别：0未设置，1男，2女',
  `login` varchar(20) COLLATE utf8mb4_bin DEFAULT NULL COMMENT '登陆名',
  `psw` varchar(128) CHARACTER SET ascii COLLATE ascii_bin DEFAULT NULL COMMENT '口令与盐的hash值',
  `salt` varchar(128) CHARACTER SET ascii COLLATE ascii_bin DEFAULT NULL COMMENT '口令盐',
  `remark` varchar(512) COLLATE utf8mb4_bin DEFAULT NULL,
  `createtime` datetime NOT NULL,
  `updatetime` datetime NOT NULL,
  `creator` char(21) CHARACTER SET ascii COLLATE ascii_bin DEFAULT NULL,
  `rcode` varchar(256) CHARACTER SET ascii COLLATE ascii_bin DEFAULT NULL,
  PRIMARY KEY (`id`),
  UNIQUE KEY `luid` (`luid`),
  KEY `srvid` (`srvid`),
  CONSTRAINT `xs_g2d1_user_ibfk_1` FOREIGN KEY (`luid`) REFERENCES `xs_g2d1_thirduserlink` (`id`),
  CONSTRAINT `xs_g2d1_user_ibfk_2` FOREIGN KEY (`srvid`) REFERENCES `xs_g2d1_server` (`id`)
) ENGINE=InnoDB DEFAULT CHARSET=utf8mb4 COLLATE=utf8mb4_bin COMMENT='公共用户';

/*Data for the table `xs_g2d1_user` */

insert  into `xs_g2d1_user`(`id`,`srvid`,`luid`,`name`,`head`,`sex`,`login`,`psw`,`salt`,`remark`,`createtime`,`updatetime`,`creator`,`rcode`) values ('00It4100001dxWQmliyTe','00It4100002dxWQmliyTe','01bYjd0000ARD01XGHObO','超级管理员',NULL,'0','root','b66363ca101ccec0865ce3c36afddd9c71c2491cafd1bc20c0121bc4e8f2e5cb','fa2bc3810e8d48860177842754a1214697f47bde89750380','系统初始化创建','2018-12-06 21:30:32','2018-12-06 21:30:32',NULL,'0001'),('01bYjd0000E9j01XGHObO',NULL,'01bYjd0000UEo01XGHObO','测试用户',NULL,'0','test','e10025ca3036b5732cd9faae1aa0b3b5bd88b8957cc38e29b6d03a0f0b003983','59881843f7cd269b6e3ea53f2415261a8a30f0e7cc07f804','系统初始化创建','2018-12-06 21:30:32','2018-12-06 21:30:32',NULL,'0001'),('01bYjd003Impl01XGHObO','01bYjd003LCK201XGHObO','01bYjd003J5t301XGHObO','溪山科技技术外包组管理员',NULL,'1','xswb','8412007d2047dff1595799dad0753cd92a785a7b773cfb919161e9ccff03b556','59a1e8213a1ec011ab12db7874bc54bf8f2f9f93e5fccdd1',NULL,'2018-12-06 21:34:10','2018-12-06 21:39:39','00It4100001dxWQmliyTe','0001'),('01bZFe000940001XGHObO','01bZFe000BfGx01XGHObO','01bZFe0009hqi01XGHObO','建筑与城市规划学院管理员',NULL,NULL,'jzcs','b717a8145cc8cd091688e2c765f93068dec96e3e8b68c4db3499e9ad7bc5fd95','98574797008a9a40022d305144b3b630b0631efe0a2cedf6',NULL,'2018-12-06 22:08:07','2018-12-06 22:08:07','00It4100001dxWQmliyTe','0001'),('01b_s_002YpIn01XGHObO',NULL,'01b_s_002YCyt01XGHObO','幻想盟主','http://thirdqq.qlogo.cn/qqapp/101526859/7348D25B92FC17C472AE4118F1A1248D/100','1',NULL,NULL,NULL,NULL,'2018-12-07 07:37:54','2018-12-07 07:37:54',NULL,NULL),('01b_s_003AKAK01XGHObO','01bYjd003LCK201XGHObO','01b_s_003AWi201XGHObO','杨记烤鱼',NULL,'1','xsyj','b9eaa635aefcfbec2f39a8fada8b2ca55078815d7af3a08523c1a0783a2cfdc1','7a29e9b95810d599c4f0fa49344ac88d940779c355c07b50',NULL,'2018-12-07 08:55:07','2018-12-07 08:55:07','01bYjd003Impl01XGHObO','000100010002'),('01b_s_003CliZ01XGHObO','01bYjd003LCK201XGHObO','01b_s_003D0f401XGHObO','王大龙',NULL,'1','xswdl','af48fc5a5706de414781995f809c2875f44e8e5abbf752cbfbb25e24fca1a8d0','e8170fc7373da5160c67ea2a3423435fb451d81ff2ea54b1',NULL,'2018-12-07 08:55:36','2018-12-07 08:55:36','01bYjd003Impl01XGHObO','000100010002'),('01b_s_003EUiT01XGHObO','01bYjd003LCK201XGHObO','01b_s_003F1gi01XGHObO','王毕涛',NULL,'2','xswbt','3b9e54ef0cf9511eca922d7d4c1cc858c384350098648ba7330c128cc7331967','13d186f198e9fdbf1d7b1e08d4553bea9a848fbfc6bc6b7c',NULL,'2018-12-07 08:55:55','2018-12-07 08:55:55','01bYjd003Impl01XGHObO','000100010002'),('01biLP005CShO01XGHObO',NULL,'01biLP005DA9601XGHObO','教师',NULL,'0','teacher1','a347ed68d74ddc2d0eac8da7c3a3b47ab3494b3073b21341b7d735c53b887b4f','b97ab24d7ddb4c0ee79f393084ee69698c70fbeadb4bc344',NULL,'2018-12-07 10:34:31','2018-12-07 10:34:31',NULL,NULL),('01bl7o00056IG01XGHObO',NULL,'01bl7o0005btG01XGHObO','test5',NULL,'0','test5','06178d2a0cebff4ed0189836462957d4cfc033d4efb4c305ed7752ad2fc25e71','2c2bb61c5082ebee593d723764dceadc8d9cbb5dc991bb6b',NULL,'2018-12-07 12:18:48','2018-12-07 12:18:48',NULL,NULL),('01bm7G000XDlg01XGHObO',NULL,'01bm7G000X_UO01XGHObO','t8',NULL,'0','t8','596699e4e084e60a8de097ccf8820a42f0597e87df05a791a5a89faa511aa20f','1c6009c10afeac603fb21324b45c3faf80bf1bf55148070b',NULL,'2018-12-07 13:31:38','2018-12-07 13:31:38',NULL,NULL),('01bm7G000jayC01XGHObO',NULL,'01bm7G000jXAu01XGHObO','故事背后','http://thirdqq.qlogo.cn/qqapp/101526859/95343ED178732AED05A9F7E3DEF97E52/100','2',NULL,NULL,NULL,NULL,'2018-12-07 13:35:36','2018-12-07 13:35:36',NULL,NULL),('01bm7G000n9Ga01XGHObO',NULL,'01bm7G000nizN01XGHObO','teacher2',NULL,'0','教师2','33373c843b0ae14e73fd8fe6947283f91047dcfb141529acb98c38afc710369f','d2ea664b74e890d889a52b2ac4cd580b9e24e5e075dc3470',NULL,'2018-12-07 13:36:41','2018-12-07 13:36:41',NULL,NULL),('01bm7G000rHx201XGHObO',NULL,'01bm7G000rxP501XGHObO','test9',NULL,'0','test9','b17876b3076e0c4f1e9ef7ab453a58be56eff35ad3980519e7cfc68243d32e4f','9e3b08e3220c478c3a54a7f314b6419fa5ae290f9d75c024',NULL,'2018-12-07 13:38:09','2018-12-07 13:38:09',NULL,NULL),('01bmZE000Aby_01XGHObO',NULL,'01bmZE000B39y01XGHObO','test10',NULL,'0','test10','cfdb8226b69f53f6c0ce2253214d5a5466d7949879c32f8e8be6ae6e2f0dd30e','becd8879a6bb6649c5736c8ff4f7c0f281d26bb1c3188592',NULL,'2018-12-07 13:52:59','2018-12-07 13:52:59',NULL,NULL),('01bmmi000SXvl01XGHObO',NULL,'01bmmi000SuUR01XGHObO','t99',NULL,'0','t99','b64f68b683acef6dc09f49bec482f903b307824ca668ece7aa5c5d56c1078a2d','5346c49639829f36cc154500d47708e3bb09b0f86fedfd39',NULL,'2018-12-07 14:16:16','2018-12-07 14:16:16',NULL,NULL),('01ctQ3001iuV001XGHObO',NULL,'01ctQ3001iE3201XGHObO','建筑城规学院 晏超','http://thirdqq.qlogo.cn/qqapp/101526859/01702E62AF7C94518DE9F313EE5570FD/100','1',NULL,NULL,NULL,NULL,'2018-12-10 19:53:13','2018-12-10 19:53:13',NULL,NULL),('01d1bx000TdiC01XGHObO','01d1bx000VruI01XGHObO','01d1bx000UN6n01XGHObO','测试服务商管理员',NULL,NULL,'csfws','1090321ebba155e1f5518ae0547c4bde90a0bd787644495d9403b687a9db4118','a968616bbca28a8ddc81ffbad4453e6783f5aeb16e4de96b',NULL,'2018-12-11 09:28:23','2018-12-11 09:28:23','00It4100001dxWQmliyTe','0001'),('01d1bx001bPXx01XGHObO',NULL,'01d1bx001bHy701XGHObO','杨纪','http://thirdqq.qlogo.cn/qqapp/101526859/05FFD06630EEE6DE370E4C871E2C8A35/100','1',NULL,NULL,NULL,NULL,'2018-12-11 12:09:54','2018-12-11 12:09:54',NULL,NULL);

/*!40101 SET SQL_MODE=@OLD_SQL_MODE */;
/*!40014 SET FOREIGN_KEY_CHECKS=@OLD_FOREIGN_KEY_CHECKS */;
/*!40014 SET UNIQUE_CHECKS=@OLD_UNIQUE_CHECKS */;
/*!40111 SET SQL_NOTES=@OLD_SQL_NOTES */;
